,Source,Destination,Flow_Path,Total_Measured_Latency_ms,Total_Geo_Latency_ms,Delta_Latency_ms,Representative_Flow_ID,Occurrence_Count,Multiple_Paths
0,DA_FTKNOX_KY,UURWMEA110,"DA_FTKNOX_KY -> UJEWKNO030 ->(0.5, N/A)-> UJEWKNO040 ->(2.0, 1.36)-> UJEWWPA040 ->(0.5, N/A)-> UJEWWPA030 ->(0.5, N/A)-> UJPWWPA010 -> [UJP_MESH] -> UJPWMEC010 ->(2.38, 0.64)-> UJEWMEA040 -> UURWMEA110",5.885,2.0,0.0,1:eLVfhmAsU7H0y+5G1zbKoHTiTwA=,1,False
1,DA_FTKNOX_KY,UURWMEA120,"DA_FTKNOX_KY -> UJEWKNO030 ->(0.5, N/A)-> UJEWKNO040 ->(2.0, 1.36)-> UJEWWPA040 ->(0.5, N/A)-> UJEWWPA030 ->(0.5, N/A)-> UJPWWPA010 -> [UJP_MESH] -> UJPWMEC010 ->(2.38, 0.64)-> UJEWMEA040 ->(0.5, N/A)-> UJEWMEA030 -> UURWMEA120",6.385,2.0,0.0,1:C9fK5wIxVyUVoLx2JJ8WgEl5Yi0=,3,False
2,DC_DCMAMVNY_NY,UURWMEA110,"DC_DCMAMVNY_NY -> UJEWPHI030 ->(2.0, 0.82)-> UJEWMEA040 -> UURWMEA110",2.0,0.82,0.0,1:dILmYRhOmh/n1Z52xlRNppYP06g=,2,False
3,DC_DCMAMVNY_NY,UURWMEA120,"DC_DCMAMVNY_NY -> UJEWPHI030 ->(2.0, 0.82)-> UJEWMEA040 ->(0.5, N/A)-> UJEWMEA030 -> UURWMEA120",2.5,0.82,0.0,1:0syLNFrhp5pv45Hx6bfUAkSOL/g=,3,False
4,DD_COLUMBUS_OH,UURWMEA110,"DD_COLUMBUS_OH -> UJEWCOL040 ->(0.5, N/A)-> UJEWCOL030 ->(4.5, 2.55)-> UJPWMEC010 ->(2.38, 0.64)-> UJEWMEA040 -> UURWMEA110",7.385,3.19,0.0,1:nCD4JVrfwJbAoz8VC8yR+sdPqEI=,1,False
5,DD_CRYSLML1_VA,UURWMEA110,"DD_CRYSLML1_VA -> UJEWCCY030 ->(1.0, 0.03)-> UJEWPNT030 ->(0.5, N/A)-> UJPWPNT010 ->(0.73, 0.18)-> UJEWMEA030 ->(0.5, N/A)-> UJEWMEA040 -> UURWMEA110",2.73,0.21,0.0,1:3K3NYYPxQKqh/AqKJPQZlxxdkuM=,2,False
6,DD_CRYSLML1_VA,UURWMEA120,"DD_CRYSLML1_VA -> UJEWCCY030 ->(1.0, 0.03)-> UJEWPNT030 ->(0.5, N/A)-> UJPWPNT010 ->(0.73, 0.18)-> UJEWMEA030 -> UURWMEA120",2.23,0.21,0.0,1:88MjUD6v7RFsIQVchAWp+/D0OFI=,2,False
7,DD_CRYSTLCY_VA,UURWMEA110,"DD_CRYSTLCY_VA -> UJEWCCY040 ->(0.5, N/A)-> UJEWCCY030 ->(1.0, 0.03)-> UJEWPNT030 ->(0.5, N/A)-> UJPWPNT010 ->(0.73, 0.18)-> UJEWMEA030 ->(0.5, N/A)-> UJEWMEA040 -> UURWMEA110",3.23,0.21,0.0,1:4vCASBGw+XsjKW9RXrizz9djk5I=,2,False
8,DD_CRYSTLCY_VA,UURWMEA120,"DD_CRYSTLCY_VA -> UJEWCCY040 ->(0.5, N/A)-> UJEWCCY030 ->(1.0, 0.03)-> UJEWPNT030 ->(0.5, N/A)-> UJPWPNT010 ->(0.73, 0.18)-> UJEWMEA030 -> UURWMEA120",2.73,0.21,0.0,1:+tsZs1ulSBqgAgsBv6kxUlph7F4=,2,False
9,DD_FTBELVOR_VA,UURWMEA110,"DD_FTBELVOR_VA -> UJEWBEL030 ->(0.5, N/A)-> UJPWBEL010 -> [UJP_MESH] -> UJPWPNT010 ->(0.73, 0.18)-> UJEWMEA030 ->(0.5, N/A)-> UJEWMEA040 -> UURWMEA110",1.73,0.18,0.0,1:2XaIRkEUFNCxEu42Dnch/3qIkxI=,3,True
10,DD_FTBELVOR_VA,UURWMEA110,"DD_FTBELVOR_VA -> UJEWBEL040 ->(0.5, N/A)-> UJEWBEL030 ->(0.5, N/A)-> UJPWBEL010 -> [UJP_MESH] -> UJPWPNT010 ->(0.73, 0.18)-> UJEWMEA030 ->(0.5, N/A)-> UJEWMEA040 -> UURWMEA110",2.23,0.18,0.5,1:7lXFrPaQhpCOK0TwYYQCu0O9W8Y=,3,True
11,DD_FTBELVOR_VA,UURWMEA120,"DD_FTBELVOR_VA -> UJEWBEL030 ->(0.5, N/A)-> UJPWBEL010 -> [UJP_MESH] -> UJPWPNT010 ->(0.73, 0.18)-> UJEWMEA030 -> UURWMEA120",1.23,0.18,0.0,1:+rtjcmhsffwjzA7a7jUCUCmXBB4=,5,True
12,DD_FTBELVOR_VA,UURWMEA120,"DD_FTBELVOR_VA -> UJEWBEL040 ->(0.5, N/A)-> UJEWBEL030 ->(0.5, N/A)-> UJPWBEL010 -> [UJP_MESH] -> UJPWPNT010 ->(0.73, 0.18)-> UJEWMEA030 -> UURWMEA120",1.73,0.18,0.5,1:Tss/TCxmrSwkWs0JELMVNuZKFoM=,5,True
13,DE_ARLINGTN_VA,UURWMEA110,"DE_ARLINGTN_VA -> UJEWBEL040 ->(0.5, N/A)-> UJEWBEL030 ->(0.5, N/A)-> UJPWBEL010 -> [UJP_MESH] -> UJPWPNT010 ->(0.73, 0.18)-> UJEWMEA030 ->(0.5, N/A)-> UJEWMEA040 -> UURWMEA110",2.23,0.18,0.0,1:HjANi1UXp5IHBwRjjl9zWyTedMA=,2,False
14,DE_ARLINGTN_VA,UURWMEA120,"DE_ARLINGTN_VA -> UJEWBEL040 ->(0.5, N/A)-> UJEWBEL030 ->(0.5, N/A)-> UJPWBEL010 -> [UJP_MESH] -> UJPWPNT010 ->(0.73, 0.18)-> UJEWMEA030 -> UURWMEA120",1.73,0.18,0.0,1:0sLkYZQq1iIZdYW0bdUYUbiLnh4=,2,False
15,DF_BALTIMOR_MD,UURWMEA110,DF_BALTIMOR_MD -> UJEWMEA040 -> UURWMEA110,0.0,0.0,0.0,1:+BpdyNiwjku89tsjgT9lOZakEP4=,2,False
16,DF_BALTIMOR_MD,UURWMEA120,"DF_BALTIMOR_MD -> UJEWMEA040 ->(0.5, N/A)-> UJEWMEA030 -> UURWMEA120",0.5,0.0,0.0,1:2EA9QZiijMaIy+YLy+9vQAAa7DQ=,3,False
17,DK_ADDISON_TX,UURWMEA110,"DK_ADDISON_TX -> UJEWSNA040 ->(4.5, 3.35)-> UJPWTIN010 -> [UJP_MESH] -> UJPWMEC010 ->(2.38, 0.64)-> UJEWMEA040 -> UURWMEA110",6.885,3.99,0.0,1:8Q5/ntRd3YH5s3IQdIBds+Zf4Ss=,2,False
18,DK_ADDISON_TX,UURWMEA120,"DK_ADDISON_TX -> UJEWSNA040 ->(4.5, 3.35)-> UJPWTIN010 -> [UJP_MESH] -> UJPWMEC010 ->(2.38, 0.64)-> UJEWMEA040 ->(0.5, N/A)-> UJEWMEA030 -> UURWMEA120",7.385,3.99,0.0,1:1lzmtIVxIUoMZQ/3Aa/loW2+ITw=,3,False
19,DK_AKRON_OH,UURWMEA110,"DK_AKRON_OH -> UJEWMEC040 ->(0.5, N/A)-> UJEWMEC030 ->(0.5, N/A)-> UJPWMEC010 ->(2.38, 0.64)-> UJEWMEA040 -> UURWMEA110",3.385,0.64,0.0,1:Nqzfge0vEu0TmM7NtnRU5pHuDnc=,2,False
20,DK_AKRON_OH,UURWMEA120,"DK_AKRON_OH -> UJEWMEC040 ->(0.5, N/A)-> UJEWMEC030 ->(0.5, N/A)-> UJPWMEC010 ->(2.38, 0.64)-> UJEWMEA040 ->(0.5, N/A)-> UJEWMEA030 -> UURWMEA120",3.885,0.64,0.0,1:evcVIhGg319S7CMefALwt2a9qvA=,3,False
21,DK_AMARILLO_TX,UURWMEA110,"DK_AMARILLO_TX -> UJEWSNA040 ->(4.5, 3.35)-> UJPWTIN010 -> [UJP_MESH] -> UJPWMEC010 ->(2.38, 0.64)-> UJEWMEA040 -> UURWMEA110",6.885,3.99,0.0,1:LfjlnEnEVTMDLNMhiu3neFNrp/4=,2,False
22,DK_AMARILLO_TX,UURWMEA120,"DK_AMARILLO_TX -> UJEWSNA040 ->(4.5, 3.35)-> UJPWTIN010 -> [UJP_MESH] -> UJPWMEC010 ->(2.38, 0.64)-> UJEWMEA040 ->(0.5, N/A)-> UJEWMEA030 -> UURWMEA120",7.385,3.99,0.0,1:X/ua2kHe5b2pZaE1ptlFtEEclWA=,2,False
23,DK_ANDOVER_MA,UURWMEA110,"DK_ANDOVER_MA -> UJEWHAN030 ->(5.0, 2.98)-> UJEWMEA040 -> UURWMEA110",5.0,2.98,0.0,1:jc2WfUtP7EpbPmis/xQ572VIMDc=,2,False
24,DK_ANDOVER_MA,UURWMEA120,"DK_ANDOVER_MA -> UJEWHAN030 ->(5.0, 2.98)-> UJEWMEA040 ->(0.5, N/A)-> UJEWMEA030 -> UURWMEA120",5.5,2.98,0.0,1:JejxwXLqWtSUK+szz0B/UT/FZzI=,2,False
25,DK_ANNAPOLS_MD,UURWMEA110,DK_ANNAPOLS_MD -> UJEWMEA040 -> UURWMEA110,0.0,0.0,0.0,1:0JOjddCyc4POVNw4/40dVfm4XAI=,3,False
26,DK_ANNAPOLS_MD,UURWMEA120,"DK_ANNAPOLS_MD -> UJEWMEA040 ->(0.5, N/A)-> UJEWMEA030 -> UURWMEA120",0.5,0.0,0.0,1:0HsPoFSbuKumpnCVTphkOk3xaEo=,5,False
27,DK_ARLINGTN_TX,UURWMEA110,"DK_ARLINGTN_TX -> UJEWSNA040 ->(4.5, 3.35)-> UJPWTIN010 -> [UJP_MESH] -> UJPWMEC010 ->(2.38, 0.64)-> UJEWMEA040 -> UURWMEA110",6.885,3.99,0.0,1:d7v4EraAUtXzY4KYPk/0bPg+RbQ=,1,False
28,DK_ARLINGTN_TX,UURWMEA120,"DK_ARLINGTN_TX -> UJEWSNA040 ->(4.5, 3.35)-> UJPWTIN010 -> [UJP_MESH] -> UJPWMEC010 ->(2.38, 0.64)-> UJEWMEA040 ->(0.5, N/A)-> UJEWMEA030 -> UURWMEA120",7.385,3.99,0.0,1:52rUzJuWkjL6HZOt88oOZ0gm128=,3,False
29,DK_ARLNGTNG_VA,UURWMEA110,DK_ARLNGTNG_VA -> UJEWMEA040 -> UURWMEA110,0.0,0.0,0.0,1:IrhGgkCksuP3R7ZWG0ZACfbbICA=,2,False
30,DK_ARLNGTNG_VA,UURWMEA120,"DK_ARLNGTNG_VA -> UJEWMEA040 ->(0.5, N/A)-> UJEWMEA030 -> UURWMEA120",0.5,0.0,0.0,1:BAi4nIfjM0B63CyycgNWSBE8Lrw=,3,False
31,DK_ASHBURN_VA,UURWMEA110,"DK_ASHBURN_VA -> UJEWBEL030 ->(0.5, N/A)-> UJPWBEL010 -> [UJP_MESH] -> UJPWPNT010 ->(0.73, 0.18)-> UJEWMEA030 ->(0.5, N/A)-> UJEWMEA040 -> UURWMEA110",1.73,0.18,0.0,1:+5Zjo+sFXW2fHb0M/eWhP/82/BY=,135,True
32,DK_ASHBURN_VA,UURWMEA110,"DK_ASHBURN_VA -> UJEWPNT040 ->(0.5, N/A)-> UJEWPNT030 ->(0.5, N/A)-> UJPWPNT010 ->(0.73, 0.18)-> UJEWMEA030 ->(0.5, N/A)-> UJEWMEA040 -> UURWMEA110",2.23,0.18,0.5,1:+UMIHJznoFvGWs29d97pgjcTrgQ=,71,True
33,DK_ASHBURN_VA,UURWMEA120,"DK_ASHBURN_VA -> UJEWBEL030 ->(0.5, N/A)-> UJPWBEL010 -> [UJP_MESH] -> UJPWPNT010 ->(0.73, 0.18)-> UJEWMEA030 -> UURWMEA120",1.23,0.18,0.0,1:+XkrmviWQ2htenDEIBvDaD1+6TQ=,9,True
34,DK_ASHBURN_VA,UURWMEA120,"DK_ASHBURN_VA -> UJEWPNT040 ->(0.5, N/A)-> UJEWPNT030 ->(0.5, N/A)-> UJPWPNT010 ->(0.73, 0.18)-> UJEWMEA030 -> UURWMEA120",1.73,0.18,0.5,1:5mmluKQn3fMbGUwnq/OUNU40r7A=,8,True
35,DK_ASHEVILL_NC,UURWMEA110,"DK_ASHEVILL_NC -> UJEWGOR040 ->(0.5, N/A)-> UJEWGOR030 ->(4.0, 1.72)-> UJEWBRA030 ->(0.5, N/A)-> UJPWBRA010 -> [UJP_MESH] -> UJPWPNT010 ->(0.73, 0.18)-> UJEWMEA030 ->(0.5, N/A)-> UJEWMEA040 -> UURWMEA110",6.23,1.9,0.0,1:s7GozA7v4ZVC8np7JkJBYIJGb9c=,2,False
36,DK_ASHEVILL_NC,UURWMEA120,"DK_ASHEVILL_NC -> UJEWGOR040 ->(0.5, N/A)-> UJEWGOR030 ->(4.0, 1.72)-> UJEWBRA030 ->(0.5, N/A)-> UJPWBRA010 -> [UJP_MESH] -> UJPWPNT010 ->(0.73, 0.18)-> UJEWMEA030 -> UURWMEA120",5.73,1.9,0.0,1:R8lXcXncuLlma4tXM2UwvAhUrMQ=,3,False
37,DK_ATLANTA_GA,UURWMEA110,"DK_ATLANTA_GA -> UJEWGOR040 ->(0.5, N/A)-> UJEWGOR030 ->(4.0, 1.72)-> UJEWBRA030 ->(0.5, N/A)-> UJPWBRA010 -> [UJP_MESH] -> UJPWPNT010 ->(0.73, 0.18)-> UJEWMEA030 ->(0.5, N/A)-> UJEWMEA040 -> UURWMEA110",6.23,1.9,0.0,1:4foMzRtO36MYfr0bGj6af8dbw+4=,2,False
38,DK_ATLANTA_GA,UURWMEA120,"DK_ATLANTA_GA -> UJEWGOR040 ->(0.5, N/A)-> UJEWGOR030 ->(4.0, 1.72)-> UJEWBRA030 ->(0.5, N/A)-> UJPWBRA010 -> [UJP_MESH] -> UJPWPNT010 ->(0.73, 0.18)-> UJEWMEA030 -> UURWMEA120",5.73,1.9,0.0,1:47t7vA2uk3ox/LvlPmaatO2r5c8=,3,False
39,DK_AUSTIN_TX,UURWMEA110,"DK_AUSTIN_TX -> UJEWSNA040 ->(4.5, 3.35)-> UJPWTIN010 -> [UJP_MESH] -> UJPWMEC010 ->(2.38, 0.64)-> UJEWMEA040 -> UURWMEA110",6.885,3.99,0.0,1:3lpyno3EsyyNRhXAKZYYlfMoH60=,2,False
40,DK_AUSTIN_TX,UURWMEA120,"DK_AUSTIN_TX -> UJEWSNA040 ->(4.5, 3.35)-> UJPWTIN010 -> [UJP_MESH] -> UJPWMEC010 ->(2.38, 0.64)-> UJEWMEA040 ->(0.5, N/A)-> UJEWMEA030 -> UURWMEA120",7.385,3.99,0.0,1:8JGcq3IKK+RAp+JDN40XIdSP1O0=,3,False
41,DK_BAEGRNLW_NY,UURWMEA110,"DK_BAEGRNLW_NY -> UJEWPHI030 ->(2.0, 0.82)-> UJEWMEA040 -> UURWMEA110",2.0,0.82,0.0,1:IcV4xJ0DWQDxdIoSrT3YNNC4GIA=,1,False
42,DK_BAEGRNLW_NY,UURWMEA120,"DK_BAEGRNLW_NY -> UJEWPHI030 ->(2.0, 0.82)-> UJEWMEA040 ->(0.5, N/A)-> UJEWMEA030 -> UURWMEA120",2.5,0.82,0.0,1:4zmBoxI3P5atmYS1sbrsy5ZU0Do=,3,False
43,DK_BLOOMFLD_CT,UURWMEA110,"DK_BLOOMFLD_CT -> UJEWPHI030 ->(2.0, 0.82)-> UJEWMEA040 -> UURWMEA110",2.0,0.82,0.0,1:glf/OGzV/ZYAZXGsBW3UF2nCqks=,1,False
44,DK_BLOOMFLD_CT,UURWMEA120,"DK_BLOOMFLD_CT -> UJEWPHI030 ->(2.0, 0.82)-> UJEWMEA040 ->(0.5, N/A)-> UJEWMEA030 -> UURWMEA120",2.5,0.82,0.0,1:A1dzizrYpGJ9/HeMab+EO6g6Bjs=,3,False
45,DK_CAMBRIDG_MA,UURWMEA110,"DK_CAMBRIDG_MA -> UJEWMEC030 ->(0.5, N/A)-> UJPWMEC010 ->(2.38, 0.64)-> UJEWMEA040 -> UURWMEA110",2.885,0.64,0.0,1:7GInO/cCJQ8ZQIuo0wGez//EVaw=,2,False
46,DK_CAMBRIDG_MA,UURWMEA120,"DK_CAMBRIDG_MA -> UJEWMEC030 ->(0.5, N/A)-> UJPWMEC010 ->(2.38, 0.64)-> UJEWMEA040 ->(0.5, N/A)-> UJEWMEA030 -> UURWMEA120",3.385,0.64,0.0,1:/cZXvLaWlOykjMaRd7cSsYomhd0=,3,False
47,DK_CAMDEN_AR,UURWMEA110,"DK_CAMDEN_AR -> UJEWSNA040 ->(4.5, 3.35)-> UJPWTIN010 -> [UJP_MESH] -> UJPWMEC010 ->(2.38, 0.64)-> UJEWMEA040 -> UURWMEA110",6.885,3.99,0.0,1:EQSECLyjpnTCk7Nw5Yj6/0TyyjI=,2,False
48,DK_CAMDEN_AR,UURWMEA120,"DK_CAMDEN_AR -> UJEWSNA040 ->(4.5, 3.35)-> UJPWTIN010 -> [UJP_MESH] -> UJPWMEC010 ->(2.38, 0.64)-> UJEWMEA040 ->(0.5, N/A)-> UJEWMEA030 -> UURWMEA120",7.385,3.99,0.0,1:f87JFb+N0XLpzFQBtE7gYDa/MHA=,3,False
49,DK_CAMDEN_NJ,UURWMEA110,"DK_CAMDEN_NJ -> UJEWPHI030 ->(2.0, 0.82)-> UJEWMEA040 -> UURWMEA110",2.0,0.82,0.0,1:BIR2QvbhqVQYVwN4auQYhF6rxWM=,2,False
50,DK_CAMDEN_NJ,UURWMEA120,"DK_CAMDEN_NJ -> UJEWPHI030 ->(2.0, 0.82)-> UJEWMEA040 ->(0.5, N/A)-> UJEWMEA030 -> UURWMEA120",2.5,0.82,0.0,1:NzhNzvJUr109tOYq3uzI5ACjpgE=,3,False
51,DK_CCKYSVLL_MD,UURWMEA110,DK_CCKYSVLL_MD -> UJEWMEA040 -> UURWMEA110,0.0,0.0,0.0,1:ejD8rvX2OYJ0MEqWvj+7gyUBNJg=,1,False
52,DK_CCKYSVLL_MD,UURWMEA120,"DK_CCKYSVLL_MD -> UJEWMEA040 ->(0.5, N/A)-> UJEWMEA030 -> UURWMEA120",0.5,0.0,0.0,1:HmMrx6hsruWOF3w/WC/KgwG1/L8=,2,False
53,DK_CEDRRPDS_IA,UURWMEA110,"DK_CEDRRPDS_IA -> UJEWWPA040 ->(0.5, N/A)-> UJEWWPA030 ->(0.5, N/A)-> UJPWWPA010 -> [UJP_MESH] -> UJPWMEC010 ->(2.38, 0.64)-> UJEWMEA040 -> UURWMEA110",3.385,0.64,0.0,1:BbhA71dgXwgoNDP+G+I8TCLnyFU=,2,False
54,DK_CEDRRPDS_IA,UURWMEA120,"DK_CEDRRPDS_IA -> UJEWWPA040 ->(0.5, N/A)-> UJEWWPA030 ->(0.5, N/A)-> UJPWWPA010 -> [UJP_MESH] -> UJPWMEC010 ->(2.38, 0.64)-> UJEWMEA040 ->(0.5, N/A)-> UJEWMEA030 -> UURWMEA120",3.885,0.64,0.0,1:OSZMco9ads0SPpK24wLYebbRQB0=,2,False
55,DK_CHANTLLY_VA,UURWMEA110,DK_CHANTLLY_VA -> UJEWMEA040 -> UURWMEA110,0.0,0.0,0.0,1:YVcFKQzdoeJ++Wz/xyZrhIBlD0Y=,2,False
56,DK_CHANTLLY_VA,UURWMEA120,"DK_CHANTLLY_VA -> UJEWMEA040 ->(0.5, N/A)-> UJEWMEA030 -> UURWMEA120",0.5,0.0,0.0,1:77rKN75DOzZrpAvUxoIzE+vPU0o=,3,False
57,DK_CHICOPEE_MA,UURWMEA110,"DK_CHICOPEE_MA -> UJEWHAN030 ->(5.0, 2.98)-> UJEWMEA040 -> UURWMEA110",5.0,2.98,0.0,1:OvpHdGgJ+2ToSbNVmeGTflkxstE=,2,False
58,DK_CHICOPEE_MA,UURWMEA120,"DK_CHICOPEE_MA -> UJEWHAN030 ->(5.0, 2.98)-> UJEWMEA040 ->(0.5, N/A)-> UJEWMEA030 -> UURWMEA120",5.5,2.98,0.0,1:Sdr2d6gZkG8SekP7KvExQXA1mKI=,3,False
59,DK_CINCINNT_OH,UURWMEA110,"DK_CINCINNT_OH -> UJEWKNO030 ->(0.5, N/A)-> UJEWKNO040 ->(2.0, 1.36)-> UJEWWPA040 ->(0.5, N/A)-> UJEWWPA030 ->(0.5, N/A)-> UJPWWPA010 -> [UJP_MESH] -> UJPWMEC010 ->(2.38, 0.64)-> UJEWMEA040 -> UURWMEA110",5.885,2.0,0.0,1:Bmqds0veGwKR+Jh5xL+0NeN6FkQ=,4,False
60,DK_CINCINNT_OH,UURWMEA120,"DK_CINCINNT_OH -> UJEWKNO030 ->(0.5, N/A)-> UJEWKNO040 ->(2.0, 1.36)-> UJEWWPA040 ->(0.5, N/A)-> UJEWWPA030 ->(0.5, N/A)-> UJPWWPA010 -> [UJP_MESH] -> UJPWMEC010 ->(2.38, 0.64)-> UJEWMEA040 ->(0.5, N/A)-> UJEWMEA030 -> UURWMEA120",6.385,2.0,0.0,1:BovYRoOUnkdTJoAsitK/sOYem+U=,5,False
61,DK_CLAYKSRN_DE,UURWMEA110,"DK_CLAYKSRN_DE -> UJEEWBM030 ->(0.5, N/A)-> UJPEWBM010 -> [UJP_MESH] -> UJPWPNT010 ->(0.73, 0.18)-> UJEWMEA030 ->(0.5, N/A)-> UJEWMEA040 -> UURWMEA110",1.73,0.18,0.0,1:1Ww/Nx5Bs2ou09NYV3Pv7Kl3+PE=,3,False
62,DK_CLAYKSRN_DE,UURWMEA120,"DK_CLAYKSRN_DE -> UJEEWBM030 ->(0.5, N/A)-> UJPEWBM010 -> [UJP_MESH] -> UJPWPNT010 ->(0.73, 0.18)-> UJEWMEA030 -> UURWMEA120",1.23,0.18,0.0,1:KE1vSvWs5vnt1neRiOJkqpA0YWY=,4,False
63,DK_CLEARWTR_FL,UURWMEA110,"DK_CLEARWTR_FL -> UJEWGOR040 ->(0.5, N/A)-> UJEWGOR030 ->(4.0, 1.72)-> UJEWBRA030 ->(0.5, N/A)-> UJPWBRA010 -> [UJP_MESH] -> UJPWPNT010 ->(0.73, 0.18)-> UJEWMEA030 ->(0.5, N/A)-> UJEWMEA040 -> UURWMEA110",6.23,1.9,0.0,1:3cE4T5eJNpVWWH6noEAxe8K1GEg=,2,False
64,DK_CLEARWTR_FL,UURWMEA120,"DK_CLEARWTR_FL -> UJEWGOR040 ->(0.5, N/A)-> UJEWGOR030 ->(4.0, 1.72)-> UJEWBRA030 ->(0.5, N/A)-> UJPWBRA010 -> [UJP_MESH] -> UJPWPNT010 ->(0.73, 0.18)-> UJEWMEA030 -> UURWMEA120",5.73,1.9,0.0,1:1l5/nj6JlhYQGD7jDE8lag9FSoE=,3,False
65,DK_CLEVELND_OH,UURWMEA110,"DK_CLEVELND_OH -> UJEWKNO030 ->(0.5, N/A)-> UJEWKNO040 ->(2.0, 1.36)-> UJEWWPA040 ->(0.5, N/A)-> UJEWWPA030 ->(0.5, N/A)-> UJPWWPA010 -> [UJP_MESH] -> UJPWMEC010 ->(2.38, 0.64)-> UJEWMEA040 -> UURWMEA110",5.885,2.0,0.0,1:krfEHLLMd61IR1HmezAOJnhi10w=,2,False
66,DK_CLEVELND_OH,UURWMEA120,"DK_CLEVELND_OH -> UJEWKNO030 ->(0.5, N/A)-> UJEWKNO040 ->(2.0, 1.36)-> UJEWWPA040 ->(0.5, N/A)-> UJEWWPA030 ->(0.5, N/A)-> UJPWWPA010 -> [UJP_MESH] -> UJPWMEC010 ->(2.38, 0.64)-> UJEWMEA040 ->(0.5, N/A)-> UJEWMEA030 -> UURWMEA120",6.385,2.0,0.0,1:Of4V7hC0pNNI3gUevYoFlQhmcmg=,2,False
67,DK_CLIFTON_NJ,UURWMEA110,"DK_CLIFTON_NJ -> UJEWMEC030 ->(0.5, N/A)-> UJPWMEC010 ->(2.38, 0.64)-> UJEWMEA040 -> UURWMEA110",2.885,0.64,0.0,1:D50WTnn/eP4z+5YnGvCQ375j/U0=,2,False
68,DK_CLIFTON_NJ,UURWMEA120,"DK_CLIFTON_NJ -> UJEWMEC030 ->(0.5, N/A)-> UJPWMEC010 ->(2.38, 0.64)-> UJEWMEA040 ->(0.5, N/A)-> UJEWMEA030 -> UURWMEA120",3.385,0.64,0.0,1:9B43dwRK0CNCoWCXALU6xONxSqk=,3,False
69,DK_COLUMBUS_OH,UURWMEA110,"DK_COLUMBUS_OH -> UJEWCOL030 ->(4.5, 2.55)-> UJPWMEC010 ->(2.38, 0.64)-> UJEWMEA040 -> UURWMEA110",6.885,3.19,0.0,1:pmB20EdRIkO30MqENEwhY3yvkzs=,3,True
70,DK_COLUMBUS_OH,UURWMEA110,"DK_COLUMBUS_OH -> UJEWCOL040 ->(0.5, N/A)-> UJEWCOL030 ->(4.5, 2.55)-> UJPWMEC010 ->(2.38, 0.64)-> UJEWMEA040 -> UURWMEA110",7.385,3.19,0.5,1:0RLbdKZ99i5EgH889TVXwGuZb0U=,3,True
71,DK_COLUMBUS_OH,UURWMEA120,"DK_COLUMBUS_OH -> UJEWCOL030 ->(4.5, 2.55)-> UJPWMEC010 ->(2.38, 0.64)-> UJEWMEA040 ->(0.5, N/A)-> UJEWMEA030 -> UURWMEA120",7.385,3.19,0.0,1:FJtQmQ8TGzQDoolzNTLuWrVOGEM=,5,True
72,DK_COLUMBUS_OH,UURWMEA120,"DK_COLUMBUS_OH -> UJEWCOL040 ->(0.5, N/A)-> UJEWCOL030 ->(4.5, 2.55)-> UJPWMEC010 ->(2.38, 0.64)-> UJEWMEA040 ->(0.5, N/A)-> UJEWMEA030 -> UURWMEA120",7.885,3.19,0.5,1:2CHWS7u28iukKGRUyD9lyCtUcxQ=,5,True
73,DK_CORAOPLS_PA,UURWMEA110,"DK_CORAOPLS_PA -> UJEWMEC030 ->(0.5, N/A)-> UJPWMEC010 ->(2.38, 0.64)-> UJEWMEA040 -> UURWMEA110",2.885,0.64,0.0,1:/HjKUTPGxVsw11Zvq/RM90SRqpo=,2,False
74,DK_CORAOPLS_PA,UURWMEA120,"DK_CORAOPLS_PA -> UJEWMEC030 ->(0.5, N/A)-> UJPWMEC010 ->(2.38, 0.64)-> UJEWMEA040 ->(0.5, N/A)-> UJEWMEA030 -> UURWMEA120",3.385,0.64,0.0,1:6RMcJUobgq/XfbeSRUJiRHYXh6c=,3,False
75,DK_CRANSTON_RI,UURWMEA110,"DK_CRANSTON_RI -> UJEWMEC030 ->(0.5, N/A)-> UJPWMEC010 ->(2.38, 0.64)-> UJEWMEA040 -> UURWMEA110",2.885,0.64,0.0,1:0+ZdQzkDggYf5Hrj7Zl83vI91is=,2,False
76,DK_CRANSTON_RI,UURWMEA120,"DK_CRANSTON_RI -> UJEWMEC030 ->(0.5, N/A)-> UJPWMEC010 ->(2.38, 0.64)-> UJEWMEA040 ->(0.5, N/A)-> UJEWMEA030 -> UURWMEA120",3.385,0.64,0.0,1:gC6A83lI1x7fsapCCgzsJyR8N38=,3,False
77,DK_CRESTVIW_FL,UURWMEA110,"DK_CRESTVIW_FL -> UJEWJKV030 ->(6.5, 3.0)-> UJEWBRA030 ->(0.5, N/A)-> UJPWBRA010 -> [UJP_MESH] -> UJPWPNT010 ->(0.73, 0.18)-> UJEWMEA030 ->(0.5, N/A)-> UJEWMEA040 -> UURWMEA110",8.23,3.18,0.0,1:1bMZRfXbmmh61sxUQnC3hr4txBw=,2,False
78,DK_CRESTVIW_FL,UURWMEA120,"DK_CRESTVIW_FL -> UJEWJKV030 ->(6.5, 3.0)-> UJEWBRA030 ->(0.5, N/A)-> UJPWBRA010 -> [UJP_MESH] -> UJPWPNT010 ->(0.73, 0.18)-> UJEWMEA030 -> UURWMEA120",7.73,3.18,0.0,1:4eroumiH44/lPEjvTlXfEzDU3RU=,3,False
79,DK_DALLAS_TX,UURWMEA110,"DK_DALLAS_TX -> UJEWSNA040 ->(4.5, 3.35)-> UJPWTIN010 -> [UJP_MESH] -> UJPWMEC010 ->(2.38, 0.64)-> UJEWMEA040 -> UURWMEA110",6.885,3.99,0.0,1:A4Ful7EJe9IvZJrOGWLnINPu6S8=,2,False
80,DK_DALLAS_TX,UURWMEA120,"DK_DALLAS_TX -> UJEWSNA040 ->(4.5, 3.35)-> UJPWTIN010 -> [UJP_MESH] -> UJPWMEC010 ->(2.38, 0.64)-> UJEWMEA040 ->(0.5, N/A)-> UJEWMEA030 -> UURWMEA120",7.385,3.99,0.0,1:5B2dl3Oz4FKYQaZK6vYSFBJBSkw=,3,False
81,DK_DCFBRCTR_NJ,UURWMEA110,"DK_DCFBRCTR_NJ -> UJEWPHI030 ->(2.0, 0.82)-> UJEWMEA040 -> UURWMEA110",2.0,0.82,0.0,1:jMMXc3eu2nS4Z2IhU6mF32oONw8=,2,False
82,DK_DCFBRCTR_NJ,UURWMEA120,"DK_DCFBRCTR_NJ -> UJEWPHI030 ->(2.0, 0.82)-> UJEWMEA040 ->(0.5, N/A)-> UJEWMEA030 -> UURWMEA120",2.5,0.82,0.0,1:E+Z55UOAhDLdsvgd0ZN1zaFiPcs=,3,False
83,DK_DCMAEAPW_CT,UURWMEA110,"DK_DCMAEAPW_CT -> UJEWHAN030 ->(5.0, 2.98)-> UJEWMEA040 -> UURWMEA110",5.0,2.98,0.0,1:KhMCsiybRcUoM3Rw9+0FC8hQBkY=,2,False
84,DK_DCMAEAPW_CT,UURWMEA120,"DK_DCMAEAPW_CT -> UJEWHAN030 ->(5.0, 2.98)-> UJEWMEA040 ->(0.5, N/A)-> UJEWMEA030 -> UURWMEA120",5.5,2.98,0.0,1:kxnO6SWkcCZQXMFUtkEr6cZy8Lg=,3,False
85,DK_DCMAPWNW_ME,UURWMEA110,"DK_DCMAPWNW_ME -> UJEWPHI030 ->(2.0, 0.82)-> UJEWMEA040 -> UURWMEA110",2.0,0.82,0.0,1:ClcU1ecNBcJLwIC86jqu7EX55IU=,1,False
86,DK_DCMAPWNW_ME,UURWMEA120,"DK_DCMAPWNW_ME -> UJEWPHI030 ->(2.0, 0.82)-> UJEWMEA040 ->(0.5, N/A)-> UJEWMEA030 -> UURWMEA120",2.5,0.82,0.0,1:A7lD4faK9KiI4KdDX1POzm7vFk0=,3,False
87,DK_DCMAVRGN_VT,UURWMEA110,"DK_DCMAVRGN_VT -> UJEWMEC030 ->(0.5, N/A)-> UJPWMEC010 ->(2.38, 0.64)-> UJEWMEA040 -> UURWMEA110",2.885,0.64,0.0,1:3aSFXdcZUQcsbGBQI+ig27tYgbA=,2,False
88,DK_DCMAVRGN_VT,UURWMEA120,"DK_DCMAVRGN_VT -> UJEWMEC030 ->(0.5, N/A)-> UJPWMEC010 ->(2.38, 0.64)-> UJEWMEA040 ->(0.5, N/A)-> UJEWMEA030 -> UURWMEA120",3.385,0.64,0.0,1:6H94vFj6le3Dgb2I0olOqJw9pxw=,3,False
89,DK_DDCSSQHN_PA,UURWMEA110,"DK_DDCSSQHN_PA -> UJEWNCL030 ->(0.5, N/A)-> UJEWNCL040 ->(3.0, 0.63)-> UJEWMEA040 -> UURWMEA110",3.5,0.63,0.0,1:0lrXDZzGQfIn9cQiN3l6zCzlfV8=,2,False
90,DK_DDCSSQHN_PA,UURWMEA120,"DK_DDCSSQHN_PA -> UJEWNCL030 ->(0.5, N/A)-> UJEWNCL040 ->(3.0, 0.63)-> UJEWMEA040 ->(0.5, N/A)-> UJEWMEA030 -> UURWMEA120",4.0,0.63,0.0,1:B3lRHw7bybC8DK+9xDx7vsXbwf8=,2,False
91,DK_DECATUR_AL,UURWMEA110,"DK_DECATUR_AL -> UJEWGOR040 ->(0.5, N/A)-> UJEWGOR030 ->(4.0, 1.72)-> UJEWBRA030 ->(0.5, N/A)-> UJPWBRA010 -> [UJP_MESH] -> UJPWPNT010 ->(0.73, 0.18)-> UJEWMEA030 ->(0.5, N/A)-> UJEWMEA040 -> UURWMEA110",6.23,1.9,0.0,1:F/TZHd/5UFYE0Z+UiHTXkWfnnVw=,2,False
92,DK_DECATUR_AL,UURWMEA120,"DK_DECATUR_AL -> UJEWGOR040 ->(0.5, N/A)-> UJEWGOR030 ->(4.0, 1.72)-> UJEWBRA030 ->(0.5, N/A)-> UJPWBRA010 -> [UJP_MESH] -> UJPWPNT010 ->(0.73, 0.18)-> UJEWMEA030 -> UURWMEA120",5.73,1.9,0.0,1:3aEEP9SR6+33CTAqRZI/Oo4/QYE=,3,False
93,DK_EARLENWS_NJ,UURWMEA110,"DK_EARLENWS_NJ -> UJEWHAN030 ->(5.0, 2.98)-> UJEWMEA040 -> UURWMEA110",5.0,2.98,0.0,1:XhinrYyXiBDgZOkWxCw6ve7CupE=,2,False
94,DK_EARLENWS_NJ,UURWMEA120,"DK_EARLENWS_NJ -> UJEWHAN030 ->(5.0, 2.98)-> UJEWMEA040 ->(0.5, N/A)-> UJEWMEA030 -> UURWMEA120",5.5,2.98,0.0,1:8pgYv722v7FW7PNT3ylf+3CjDFs=,3,False
95,DK_EAURORA_NY,UURWMEA110,"DK_EAURORA_NY -> UJEWMEC030 ->(0.5, N/A)-> UJPWMEC010 ->(2.38, 0.64)-> UJEWMEA040 -> UURWMEA110",2.885,0.64,0.0,1:ANey5epTKDk96RUgQqxOmM/3rbg=,2,False
96,DK_EAURORA_NY,UURWMEA120,"DK_EAURORA_NY -> UJEWMEC030 ->(0.5, N/A)-> UJPWMEC010 ->(2.38, 0.64)-> UJEWMEA040 ->(0.5, N/A)-> UJEWMEA030 -> UURWMEA120",3.385,0.64,0.0,1:/WteHBPclXYugxxdx6GM63IW1YQ=,3,False
97,DK_EGLINAFB_FL,UURWMEA110,"DK_EGLINAFB_FL -> UJEWEGL030 ->(0.5, N/A)-> UJPWEGL010 -> [UJP_MESH] -> UJPWPNT010 ->(0.73, 0.18)-> UJEWMEA030 ->(0.5, N/A)-> UJEWMEA040 -> UURWMEA110",1.73,0.18,0.0,1:2Biw49peyLF58D9zQF1QXPHsgfc=,2,False
98,DK_EGLINAFB_FL,UURWMEA120,"DK_EGLINAFB_FL -> UJEWEGL030 ->(0.5, N/A)-> UJPWEGL010 -> [UJP_MESH] -> UJPWPNT010 ->(0.73, 0.18)-> UJEWMEA030 -> UURWMEA120",1.23,0.18,0.0,1:RIUB8rpmspLpCdeg8yAQqlYl11M=,3,False
99,DK_EMTJBNFC_IN,UURWMEA110,"DK_EMTJBNFC_IN -> UJEWIND040 ->(0.5, N/A)-> UJEWIND030 ->(N/A, 0.84)-> UJEWWPA030 ->(0.5, N/A)-> UJPWWPA010 -> [UJP_MESH] -> UJPWMEC010 ->(2.38, 0.64)-> UJEWMEA040 -> UURWMEA110",3.385,1.48,0.0,1:PJsQTHISIZj80b6cLjAbaBd+iRE=,1,False
100,DK_EMTJBNFC_IN,UURWMEA120,"DK_EMTJBNFC_IN -> UJEWIND040 ->(0.5, N/A)-> UJEWIND030 ->(N/A, 0.84)-> UJEWWPA030 ->(0.5, N/A)-> UJPWWPA010 -> [UJP_MESH] -> UJPWMEC010 ->(2.38, 0.64)-> UJEWMEA040 ->(0.5, N/A)-> UJEWMEA030 -> UURWMEA120",3.885,1.48,0.0,1:fNVX5pB9oUqe7kY8Oa2NMhyA7jg=,2,False
101,DK_ENDICOTT_NY,UURWMEA110,"DK_ENDICOTT_NY -> UJEWMEC030 ->(0.5, N/A)-> UJPWMEC010 ->(2.38, 0.64)-> UJEWMEA040 -> UURWMEA110",2.885,0.64,0.8849999999999998,1:99M42UfxFuTauajmOwtMIfqtotI=,2,True
102,DK_ENDICOTT_NY,UURWMEA110,"DK_ENDICOTT_NY -> UJEWPHI030 ->(2.0, 0.82)-> UJEWMEA040 -> UURWMEA110",2.0,0.82,0.0,1:4LDUZQjQKSgojSkhvVaBzyrxzNM=,2,True
103,DK_ENDICOTT_NY,UURWMEA120,"DK_ENDICOTT_NY -> UJEWMEC030 ->(0.5, N/A)-> UJPWMEC010 ->(2.38, 0.64)-> UJEWMEA040 ->(0.5, N/A)-> UJEWMEA030 -> UURWMEA120",3.385,0.64,0.8849999999999998,1:/uj96a+sJmjWyuXu7KJ2+ogvY0E=,2,True
104,DK_ENDICOTT_NY,UURWMEA120,"DK_ENDICOTT_NY -> UJEWPHI030 ->(2.0, 0.82)-> UJEWMEA040 ->(0.5, N/A)-> UJEWMEA030 -> UURWMEA120",2.5,0.82,0.0,1:0FSwTUxnjUh1B3GYkPC0F6T9sNI=,3,True
105,DK_FARMNGDL_NY,UURWMEA110,"DK_FARMNGDL_NY -> UJEWPHI030 ->(2.0, 0.82)-> UJEWMEA040 -> UURWMEA110",2.0,0.82,0.0,1:Igtwt05UY0Ccq857sgt39W92hxw=,2,False
106,DK_FARMNGDL_NY,UURWMEA120,"DK_FARMNGDL_NY -> UJEWPHI030 ->(2.0, 0.82)-> UJEWMEA040 ->(0.5, N/A)-> UJEWMEA030 -> UURWMEA120",2.5,0.82,0.0,1:/PbwfBO9oTkYQaYS2SZ1rXYyhJU=,2,False
107,DK_FLSCHRCH_VA,UURWMEA110,"DK_FLSCHRCH_VA -> UJEWPNT030 ->(0.5, N/A)-> UJPWPNT010 ->(0.73, 0.18)-> UJEWMEA030 ->(0.5, N/A)-> UJEWMEA040 -> UURWMEA110",1.73,0.18,0.0,1:Lpu39EJTkpdd2XQbMycOEB3LGTA=,2,False
108,DK_FLSCHRCH_VA,UURWMEA120,"DK_FLSCHRCH_VA -> UJEWPNT030 ->(0.5, N/A)-> UJPWPNT010 ->(0.73, 0.18)-> UJEWMEA030 -> UURWMEA120",1.23,0.18,0.0,1:/RdMT7Eb+0If6R7kPsexWan3s6c=,3,False
109,DK_FTBLISS_TX,UURWMEA110,"DK_FTBLISS_TX -> UJEWBLI030 ->(0.5, N/A)-> UJEWBLI040 ->(5.0, 3.99)-> UJEWSNA040 ->(4.5, 3.35)-> UJPWTIN010 -> [UJP_MESH] -> UJPWMEC010 ->(2.38, 0.64)-> UJEWMEA040 -> UURWMEA110",12.385,7.9799999999999995,0.0,1:OtFv7lI1RHvlmo+hGsMGv2c/BkQ=,2,False
110,DK_FTBLISS_TX,UURWMEA120,"DK_FTBLISS_TX -> UJEWBLI030 ->(0.5, N/A)-> UJEWBLI040 ->(5.0, 3.99)-> UJEWSNA040 ->(4.5, 3.35)-> UJPWTIN010 -> [UJP_MESH] -> UJPWMEC010 ->(2.38, 0.64)-> UJEWMEA040 ->(0.5, N/A)-> UJEWMEA030 -> UURWMEA120",12.885,7.9799999999999995,0.0,1:3rnY+5lNLqhVtS3dMX7uqnWIdto=,2,False
111,DK_FTEUSTIS_VA,UURWMEA110,"DK_FTEUSTIS_VA -> UJEWEUS040 ->(N/A, 0.98)-> UJPWPNT010 ->(0.73, 0.18)-> UJEWMEA030 ->(0.5, N/A)-> UJEWMEA040 -> UURWMEA110",1.23,1.16,0.0,1:t+TeFOojOM9SEkzIuiftmTS8UJs=,1,False
112,DK_FTEUSTIS_VA,UURWMEA120,"DK_FTEUSTIS_VA -> UJEWEUS040 ->(N/A, 0.98)-> UJPWPNT010 ->(0.73, 0.18)-> UJEWMEA030 -> UURWMEA120",0.73,1.16,0.0,1:8os8exkf/HbaNXZ1k8JetUJDj5w=,3,False
113,DK_FTGRGADM_VA,UURWMEA110,"DK_FTGRGADM_VA -> UJEWLEE030 ->(1.5, 0.81)-> UJEWBEL030 ->(0.5, N/A)-> UJPWBEL010 -> [UJP_MESH] -> UJPWPNT010 ->(0.73, 0.18)-> UJEWMEA030 ->(0.5, N/A)-> UJEWMEA040 -> UURWMEA110",3.23,0.99,0.0,1:DgZv5nCoxq0Jj/gOgsrzkx0K6x8=,3,True
114,DK_FTGRGADM_VA,UURWMEA110,"DK_FTGRGADM_VA -> UJEWLEE040 ->(0.5, N/A)-> UJEWLEE030 ->(1.5, 0.81)-> UJEWBEL030 ->(0.5, N/A)-> UJPWBEL010 -> [UJP_MESH] -> UJPWPNT010 ->(0.73, 0.18)-> UJEWMEA030 ->(0.5, N/A)-> UJEWMEA040 -> UURWMEA110",3.73,0.99,0.5,1:KNv/1ZfgsC5M3yqSh8o7SMrmGfw=,2,True
115,DK_FTGRGADM_VA,UURWMEA120,"DK_FTGRGADM_VA -> UJEWLEE030 ->(1.5, 0.81)-> UJEWBEL030 ->(0.5, N/A)-> UJPWBEL010 -> [UJP_MESH] -> UJPWPNT010 ->(0.73, 0.18)-> UJEWMEA030 -> UURWMEA120",2.73,0.99,0.0,1:iUwwWnfefhTFpnYg1kD6IVmIFJA=,3,True
116,DK_FTGRGADM_VA,UURWMEA120,"DK_FTGRGADM_VA -> UJEWLEE040 ->(0.5, N/A)-> UJEWLEE030 ->(1.5, 0.81)-> UJEWBEL030 ->(0.5, N/A)-> UJPWBEL010 -> [UJP_MESH] -> UJPWPNT010 ->(0.73, 0.18)-> UJEWMEA030 -> UURWMEA120",3.23,0.99,0.5,1:B7mgNEDtSSOiz1n9aYGTX8YShtI=,4,True
117,DK_FTHUACHC_AZ,UURWMEA110,"DK_FTHUACHC_AZ -> UJEWHUA030 ->(0.5, N/A)-> UJEWHUA040 ->(9.5, 4.7)-> UJEWCAR040 ->(0.5, N/A)-> UJEWCAR030 ->(1.5, 0.58)-> UJPWBCK010 -> [UJP_MESH] -> UJPWMEC010 ->(2.38, 0.64)-> UJEWMEA040 -> UURWMEA110",14.385,5.92,0.5,1:17BmqXqohuRNyhW5nK1IlAwqNOo=,3,True
118,DK_FTHUACHC_AZ,UURWMEA110,"DK_FTHUACHC_AZ -> UJEWHUA040 ->(9.5, 4.7)-> UJEWCAR040 ->(0.5, N/A)-> UJEWCAR030 ->(1.5, 0.58)-> UJPWBCK010 -> [UJP_MESH] -> UJPWMEC010 ->(2.38, 0.64)-> UJEWMEA040 -> UURWMEA110",13.885,5.92,0.0,1:I+dZidbkxTX0IRpusgF4XClejyg=,3,True
119,DK_FTHUACHC_AZ,UURWMEA120,"DK_FTHUACHC_AZ -> UJEWHUA030 ->(0.5, N/A)-> UJEWHUA040 ->(9.5, 4.7)-> UJEWCAR040 ->(0.5, N/A)-> UJEWCAR030 ->(1.5, 0.58)-> UJPWBCK010 -> [UJP_MESH] -> UJPWMEC010 ->(2.38, 0.64)-> UJEWMEA040 ->(0.5, N/A)-> UJEWMEA030 -> UURWMEA120",14.885,5.92,0.5,1:AHopCr7N9rJP/2Hx7+q5UhVdDZs=,5,True
120,DK_FTHUACHC_AZ,UURWMEA120,"DK_FTHUACHC_AZ -> UJEWHUA040 ->(9.5, 4.7)-> UJEWCAR040 ->(0.5, N/A)-> UJEWCAR030 ->(1.5, 0.58)-> UJPWBCK010 -> [UJP_MESH] -> UJPWMEC010 ->(2.38, 0.64)-> UJEWMEA040 ->(0.5, N/A)-> UJEWMEA030 -> UURWMEA120",14.385,5.92,0.0,1:7om0itmmQWGS1e2uaR4+pCSSoKE=,5,True
121,DK_FTKNOX_KY,UURWMEA110,"DK_FTKNOX_KY -> UJEWKNO030 ->(0.5, N/A)-> UJEWKNO040 ->(2.0, 1.36)-> UJEWWPA040 ->(0.5, N/A)-> UJEWWPA030 ->(0.5, N/A)-> UJPWWPA010 -> [UJP_MESH] -> UJPWMEC010 ->(2.38, 0.64)-> UJEWMEA040 -> UURWMEA110",5.885,2.0,0.0,1:X9UmLh1C6VQpmRn4I7asDyandOc=,2,False
122,DK_FTKNOX_KY,UURWMEA120,"DK_FTKNOX_KY -> UJEWKNO030 ->(0.5, N/A)-> UJEWKNO040 ->(2.0, 1.36)-> UJEWWPA040 ->(0.5, N/A)-> UJEWWPA030 ->(0.5, N/A)-> UJPWWPA010 -> [UJP_MESH] -> UJPWMEC010 ->(2.38, 0.64)-> UJEWMEA040 ->(0.5, N/A)-> UJEWMEA030 -> UURWMEA120",6.385,2.0,0.0,1:puXK9OI126wuNE843vMUIqz4BIE=,2,False
123,DK_FTSMHSTN_TX,UURWMEA110,"DK_FTSMHSTN_TX -> UJEWSHO040 ->(5.0, 3.36)-> UJEWTIN040 ->(0.5, N/A)-> UJEWTIN030 ->(0.5, N/A)-> UJPWTIN010 -> [UJP_MESH] -> UJPWMEC010 ->(2.38, 0.64)-> UJEWMEA040 -> UURWMEA110",8.385,4.0,0.0,1:8rA4q/CYCD1zulRE/Uvqc8bXK8w=,2,False
124,DK_FTSMHSTN_TX,UURWMEA120,"DK_FTSMHSTN_TX -> UJEWSHO040 ->(5.0, 3.36)-> UJEWTIN040 ->(0.5, N/A)-> UJEWTIN030 ->(0.5, N/A)-> UJPWTIN010 -> [UJP_MESH] -> UJPWMEC010 ->(2.38, 0.64)-> UJEWMEA040 ->(0.5, N/A)-> UJEWMEA030 -> UURWMEA120",8.885,4.0,0.0,1:CetLuIB2Xe6EZ3qj5DVgWHgvAQk=,3,False
125,DK_FTWAYNE_IN,UURWMEA110,"DK_FTWAYNE_IN -> UJEWWPA040 ->(0.5, N/A)-> UJEWWPA030 ->(0.5, N/A)-> UJPWWPA010 -> [UJP_MESH] -> UJPWMEC010 ->(2.38, 0.64)-> UJEWMEA040 -> UURWMEA110",3.385,0.64,0.0,1:4FbJlPkbnkFOEjJR931xbyVsv9M=,2,False
126,DK_FTWAYNE_IN,UURWMEA120,"DK_FTWAYNE_IN -> UJEWWPA040 ->(0.5, N/A)-> UJEWWPA030 ->(0.5, N/A)-> UJPWWPA010 -> [UJP_MESH] -> UJPWMEC010 ->(2.38, 0.64)-> UJEWMEA040 ->(0.5, N/A)-> UJEWMEA030 -> UURWMEA120",3.885,0.64,0.0,1:74yXx+FhOhqKAPGnXBfpK4g7oWI=,3,False
127,DK_FTWORTH_TX,UURWMEA110,"DK_FTWORTH_TX -> UJEWSNA040 ->(4.5, 3.35)-> UJPWTIN010 -> [UJP_MESH] -> UJPWMEC010 ->(2.38, 0.64)-> UJEWMEA040 -> UURWMEA110",6.885,3.99,0.0,1:NXzqWsvePGfTJ7687rT622LjApU=,4,False
128,DK_FTWORTH_TX,UURWMEA120,"DK_FTWORTH_TX -> UJEWSNA040 ->(4.5, 3.35)-> UJPWTIN010 -> [UJP_MESH] -> UJPWMEC010 ->(2.38, 0.64)-> UJEWMEA040 ->(0.5, N/A)-> UJEWMEA030 -> UURWMEA120",7.385,3.99,0.0,1:K3swpCnLFJdLec4Vjs+FQwVIn7Y=,5,False
129,DK_FT_WORTH_TX,UURWMEA110,"DK_FT_WORTH_TX -> UJEWSNA040 ->(4.5, 3.35)-> UJPWTIN010 -> [UJP_MESH] -> UJPWMEC010 ->(2.38, 0.64)-> UJEWMEA040 -> UURWMEA110",6.885,3.99,0.0,1:hQnfnPr6sCZK12k7vfSABfb/NNg=,2,False
130,DK_FT_WORTH_TX,UURWMEA120,"DK_FT_WORTH_TX -> UJEWSNA040 ->(4.5, 3.35)-> UJPWTIN010 -> [UJP_MESH] -> UJPWMEC010 ->(2.38, 0.64)-> UJEWMEA040 ->(0.5, N/A)-> UJEWMEA030 -> UURWMEA120",7.385,3.99,0.0,1:FqqNUqNIGOi4VSuQ6DubRWHQk80=,3,False
131,DK_GREENSBR_NC,UURWMEA110,"DK_GREENSBR_NC -> UJEWGOR040 ->(0.5, N/A)-> UJEWGOR030 ->(4.0, 1.72)-> UJEWBRA030 ->(0.5, N/A)-> UJPWBRA010 -> [UJP_MESH] -> UJPWPNT010 ->(0.73, 0.18)-> UJEWMEA030 ->(0.5, N/A)-> UJEWMEA040 -> UURWMEA110",6.23,1.9,0.0,1:4C1tmjI1Fj1OdCkpqqsceL7x2NE=,2,False
132,DK_GREENSBR_NC,UURWMEA120,"DK_GREENSBR_NC -> UJEWGOR040 ->(0.5, N/A)-> UJEWGOR030 ->(4.0, 1.72)-> UJEWBRA030 ->(0.5, N/A)-> UJPWBRA010 -> [UJP_MESH] -> UJPWPNT010 ->(0.73, 0.18)-> UJEWMEA030 -> UURWMEA120",5.73,1.9,0.0,1:+fcTfwwXp8K/a2QYUf+cxMoOW68=,3,False
133,DK_GREENVLL_SC,UURWMEA110,"DK_GREENVLL_SC -> UJEWJKV030 ->(6.5, 3.0)-> UJEWBRA030 ->(0.5, N/A)-> UJPWBRA010 -> [UJP_MESH] -> UJPWPNT010 ->(0.73, 0.18)-> UJEWMEA030 ->(0.5, N/A)-> UJEWMEA040 -> UURWMEA110",8.23,3.18,0.0,1:e6R6QU3oGa9Zei4YZSTb5d+GxX0=,2,False
134,DK_GREENVLL_SC,UURWMEA120,"DK_GREENVLL_SC -> UJEWJKV030 ->(6.5, 3.0)-> UJEWBRA030 ->(0.5, N/A)-> UJPWBRA010 -> [UJP_MESH] -> UJPWPNT010 ->(0.73, 0.18)-> UJEWMEA030 -> UURWMEA120",7.73,3.18,0.0,1:CwylTts4/0MIK7zuE63dmnZzS4U=,3,False
135,DK_GREENVLL_TX,UURWMEA110,"DK_GREENVLL_TX -> UJEWSNA040 ->(4.5, 3.35)-> UJPWTIN010 -> [UJP_MESH] -> UJPWMEC010 ->(2.38, 0.64)-> UJEWMEA040 -> UURWMEA110",6.885,3.99,0.0,1:8JE1fO4YrVVoo8KmDyPReG+8eDk=,2,False
136,DK_GREENVLL_TX,UURWMEA120,"DK_GREENVLL_TX -> UJEWSNA040 ->(4.5, 3.35)-> UJPWTIN010 -> [UJP_MESH] -> UJPWMEC010 ->(2.38, 0.64)-> UJEWMEA040 ->(0.5, N/A)-> UJEWMEA030 -> UURWMEA120",7.385,3.99,0.0,1:+L/ojPqbXMRLc1bErjPL75gJeVM=,3,False
137,DK_GRPRAIRI_TX,UURWMEA110,"DK_GRPRAIRI_TX -> UJEWSNA040 ->(4.5, 3.35)-> UJPWTIN010 -> [UJP_MESH] -> UJPWMEC010 ->(2.38, 0.64)-> UJEWMEA040 -> UURWMEA110",6.885,3.99,0.0,1:ClHDhcNo66uwUlh7Ib0M6tU7wVE=,4,False
138,DK_GRPRAIRI_TX,UURWMEA120,"DK_GRPRAIRI_TX -> UJEWSNA040 ->(4.5, 3.35)-> UJPWTIN010 -> [UJP_MESH] -> UJPWMEC010 ->(2.38, 0.64)-> UJEWMEA040 ->(0.5, N/A)-> UJEWMEA030 -> UURWMEA120",7.385,3.99,0.0,1:+eUWBw9iahzfNQvTQ5EZD7L0geA=,6,False
139,DK_GRRAPIDS_MI,UURWMEA110,"DK_GRRAPIDS_MI -> UJEWWPA040 ->(0.5, N/A)-> UJEWWPA030 ->(0.5, N/A)-> UJPWWPA010 -> [UJP_MESH] -> UJPWMEC010 ->(2.38, 0.64)-> UJEWMEA040 -> UURWMEA110",3.385,0.64,0.0,1:HT1uwLBkQ4SG14d2LXgyxnfV2Kc=,2,False
140,DK_GRRAPIDS_MI,UURWMEA120,"DK_GRRAPIDS_MI -> UJEWWPA040 ->(0.5, N/A)-> UJEWWPA030 ->(0.5, N/A)-> UJPWWPA010 -> [UJP_MESH] -> UJPWMEC010 ->(2.38, 0.64)-> UJEWMEA040 ->(0.5, N/A)-> UJEWMEA030 -> UURWMEA120",3.885,0.64,0.0,1:GiWQUVAdgUUuVghLjFqlTu0sRyQ=,3,False
141,DK_HARTFORD_CT,UURWMEA110,"DK_HARTFORD_CT -> UJEWHAN030 ->(5.0, 2.98)-> UJEWMEA040 -> UURWMEA110",5.0,2.98,0.0,1:yQlheFgWeMTvYE2Z0xHP6LT9Rso=,1,False
142,DK_HARTFORD_CT,UURWMEA120,"DK_HARTFORD_CT -> UJEWHAN030 ->(5.0, 2.98)-> UJEWMEA040 ->(0.5, N/A)-> UJEWMEA030 -> UURWMEA120",5.5,2.98,0.0,1:bvSNxnKVzJWRPYSusEt0ki/ulrA=,3,False
143,DK_HILLAFB_UT,UURWMEA110,"DK_HILLAFB_UT -> UJEWHIL140 ->(5.5, 3.14)-> UJPWBCK010 -> [UJP_MESH] -> UJPWMEC010 ->(2.38, 0.64)-> UJEWMEA040 -> UURWMEA110",7.885,3.7800000000000002,0.0,1:KaedR30oTkF/dbgfAwuem8MIXTk=,2,False
144,DK_HILLAFB_UT,UURWMEA120,"DK_HILLAFB_UT -> UJEWHIL140 ->(5.5, 3.14)-> UJPWBCK010 -> [UJP_MESH] -> UJPWMEC010 ->(2.38, 0.64)-> UJEWMEA040 ->(0.5, N/A)-> UJEWMEA030 -> UURWMEA120",8.385,3.7800000000000002,0.0,1:DhOQWN3tYZD/aVM5Htrc+XEmhio=,5,False
145,DK_HNSCMAFB_MA,UURWMEA110,"DK_HNSCMAFB_MA -> UJEWHAN030 ->(5.0, 2.98)-> UJEWMEA040 -> UURWMEA110",5.0,2.98,0.0,1:HuSSUSfQbjqGdsPoCynh6hUlgfQ=,2,False
146,DK_HNSCMAFB_MA,UURWMEA120,"DK_HNSCMAFB_MA -> UJEWHAN030 ->(5.0, 2.98)-> UJEWMEA040 ->(0.5, N/A)-> UJEWMEA030 -> UURWMEA120",5.5,2.98,0.0,1:jrKYO0CV37rtxmZUrXkEEi9QP54=,2,False
147,DK_HOUSTON_TX,UURWMEA110,"DK_HOUSTON_TX -> UJEWSNA040 ->(4.5, 3.35)-> UJPWTIN010 -> [UJP_MESH] -> UJPWMEC010 ->(2.38, 0.64)-> UJEWMEA040 -> UURWMEA110",6.885,3.99,0.0,1:pvfJSOLTk08MHCBZOAbP2t1Cg5E=,1,False
148,DK_HOUSTON_TX,UURWMEA120,"DK_HOUSTON_TX -> UJEWSNA040 ->(4.5, 3.35)-> UJPWTIN010 -> [UJP_MESH] -> UJPWMEC010 ->(2.38, 0.64)-> UJEWMEA040 ->(0.5, N/A)-> UJEWMEA030 -> UURWMEA120",7.385,3.99,0.0,1:Ap+5plMjiQavEtazABSn1LCL09U=,2,False
149,DK_HUDSON_NH,UURWMEA110,"DK_HUDSON_NH -> UJEWHAN030 ->(5.0, 2.98)-> UJEWMEA040 -> UURWMEA110",5.0,2.98,0.0,1:8FeX9MVCIIFekJpH0dJmfGW+0cw=,2,False
150,DK_HUDSON_NH,UURWMEA120,"DK_HUDSON_NH -> UJEWHAN030 ->(5.0, 2.98)-> UJEWMEA040 ->(0.5, N/A)-> UJEWMEA030 -> UURWMEA120",5.5,2.98,0.0,1:9ls7cI3JsbjDOfLWY9coiD6L8zY=,3,False
151,DK_HUNTSVLL_AL,UURWMEA110,"DK_HUNTSVLL_AL -> UJEWGOR040 ->(0.5, N/A)-> UJEWGOR030 ->(4.0, 1.72)-> UJEWBRA030 ->(0.5, N/A)-> UJPWBRA010 -> [UJP_MESH] -> UJPWPNT010 ->(0.73, 0.18)-> UJEWMEA030 ->(0.5, N/A)-> UJEWMEA040 -> UURWMEA110",6.23,1.9,0.0,1:/3sGiCsA1st6x7yg9OoX6uSTKTU=,2,False
152,DK_HUNTSVLL_AL,UURWMEA120,"DK_HUNTSVLL_AL -> UJEWGOR040 ->(0.5, N/A)-> UJEWGOR030 ->(4.0, 1.72)-> UJEWBRA030 ->(0.5, N/A)-> UJPWBRA010 -> [UJP_MESH] -> UJPWPNT010 ->(0.73, 0.18)-> UJEWMEA030 -> UURWMEA120",5.73,1.9,0.0,1:C+1XzRE/7OJCM3kDisZ/ISaAxHM=,3,False
153,DK_INDINPLS_IN,UURWMEA110,"DK_INDINPLS_IN -> UJEWIND030 ->(N/A, 0.84)-> UJEWWPA030 ->(0.5, N/A)-> UJPWWPA010 -> [UJP_MESH] -> UJPWMEC010 ->(2.38, 0.64)-> UJEWMEA040 -> UURWMEA110",2.885,1.48,0.0,1:nUU5yBExWrVkkbJiXBlsTWwABv0=,2,True
154,DK_INDINPLS_IN,UURWMEA110,"DK_INDINPLS_IN -> UJEWWPA040 ->(0.5, N/A)-> UJEWWPA030 ->(0.5, N/A)-> UJPWWPA010 -> [UJP_MESH] -> UJPWMEC010 ->(2.38, 0.64)-> UJEWMEA040 -> UURWMEA110",3.385,0.64,0.5,1:PlIjUzpjZM7UzTS4gwog2eiPLGU=,2,True
155,DK_INDINPLS_IN,UURWMEA120,"DK_INDINPLS_IN -> UJEWIND030 ->(N/A, 0.84)-> UJEWWPA030 ->(0.5, N/A)-> UJPWWPA010 -> [UJP_MESH] -> UJPWMEC010 ->(2.38, 0.64)-> UJEWMEA040 ->(0.5, N/A)-> UJEWMEA030 -> UURWMEA120",3.385,1.48,0.0,1:0ECIRM5gTeBDyvS+RB+iO3a4n1E=,3,True
156,DK_INDINPLS_IN,UURWMEA120,"DK_INDINPLS_IN -> UJEWWPA040 ->(0.5, N/A)-> UJEWWPA030 ->(0.5, N/A)-> UJPWWPA010 -> [UJP_MESH] -> UJPWMEC010 ->(2.38, 0.64)-> UJEWMEA040 ->(0.5, N/A)-> UJEWMEA030 -> UURWMEA120",3.885,0.64,0.5,1:OUNXVkvD8sy03uuLWWQezLv5/xE=,3,True
157,DK_JOHNSTWN_PA,UURWMEA110,"DK_JOHNSTWN_PA -> UJEWMEC030 ->(0.5, N/A)-> UJPWMEC010 ->(2.38, 0.64)-> UJEWMEA040 -> UURWMEA110",2.885,0.64,0.0,1:7TXSqPnx01uh9Nay13ZTXPVB4wU=,4,False
158,DK_JOHNSTWN_PA,UURWMEA120,"DK_JOHNSTWN_PA -> UJEWMEC030 ->(0.5, N/A)-> UJPWMEC010 ->(2.38, 0.64)-> UJEWMEA040 ->(0.5, N/A)-> UJEWMEA030 -> UURWMEA120",3.385,0.64,0.0,1:E5ICUp816rgUeAKm7ZErJXkTlVE=,6,False
159,DK_JUPITER_FL,UURWMEA110,"DK_JUPITER_FL -> UJEWJKV030 ->(6.5, 3.0)-> UJEWBRA030 ->(0.5, N/A)-> UJPWBRA010 -> [UJP_MESH] -> UJPWPNT010 ->(0.73, 0.18)-> UJEWMEA030 ->(0.5, N/A)-> UJEWMEA040 -> UURWMEA110",8.23,3.18,0.0,1:6qYTM7LcBLs2L+hXiObrsL/LNlo=,2,False
160,DK_JUPITER_FL,UURWMEA120,"DK_JUPITER_FL -> UJEWJKV030 ->(6.5, 3.0)-> UJEWBRA030 ->(0.5, N/A)-> UJPWBRA010 -> [UJP_MESH] -> UJPWPNT010 ->(0.73, 0.18)-> UJEWMEA030 -> UURWMEA120",7.73,3.18,0.0,1:Qs/bokuRUVXunm/45V+lbJv+ToI=,3,False
161,DK_KELLEYBK_XX,UURWMEA110,"DK_KELLEYBK_XX -> UJEEKLB030 ->(0.5, N/A)-> UJEEKLB040 ->(0.5, 0.04)-> UJPEPTM010 -> [UJP_MESH] -> UJPWPNT010 ->(0.73, 0.18)-> UJEWMEA030 ->(0.5, N/A)-> UJEWMEA040 -> UURWMEA110",2.23,0.22,0.0,1:7j0I1BW5dCBRqNDsxZ4HoDlTJ7M=,2,False
162,DK_KELLEYBK_XX,UURWMEA120,"DK_KELLEYBK_XX -> UJEEKLB030 ->(0.5, N/A)-> UJEEKLB040 ->(0.5, 0.04)-> UJPEPTM010 -> [UJP_MESH] -> UJPWPNT010 ->(0.73, 0.18)-> UJEWMEA030 -> UURWMEA120",1.73,0.22,0.0,1:92l+iDmHuaPaVph5wkeRkooihK8=,3,False
163,DK_KENTWOOD_MI,UURWMEA110,"DK_KENTWOOD_MI -> UJEWWPA040 ->(0.5, N/A)-> UJEWWPA030 ->(0.5, N/A)-> UJPWWPA010 -> [UJP_MESH] -> UJPWMEC010 ->(2.38, 0.64)-> UJEWMEA040 -> UURWMEA110",3.385,0.64,0.0,1:YtleZBvQwwu7ieYC1Un1y7MtT+I=,2,False
164,DK_KENTWOOD_MI,UURWMEA120,"DK_KENTWOOD_MI -> UJEWWPA040 ->(0.5, N/A)-> UJEWWPA030 ->(0.5, N/A)-> UJPWWPA010 -> [UJP_MESH] -> UJPWMEC010 ->(2.38, 0.64)-> UJEWMEA040 ->(0.5, N/A)-> UJEWMEA030 -> UURWMEA120",3.885,0.64,0.0,1:HoGyYf/ucmPRmUTPYYCtsbma89U=,3,False
165,DK_KEYSER_WV,UURWMEA110,"DK_KEYSER_WV -> UJEWKNO030 ->(0.5, N/A)-> UJEWKNO040 ->(2.0, 1.36)-> UJEWWPA040 ->(0.5, N/A)-> UJEWWPA030 ->(0.5, N/A)-> UJPWWPA010 -> [UJP_MESH] -> UJPWMEC010 ->(2.38, 0.64)-> UJEWMEA040 -> UURWMEA110",5.885,2.0,0.0,1:XgqxorqEBiDqM+ntYCOFh/wPeK0=,1,False
166,DK_KEYSER_WV,UURWMEA120,"DK_KEYSER_WV -> UJEWKNO030 ->(0.5, N/A)-> UJEWKNO040 ->(2.0, 1.36)-> UJEWWPA040 ->(0.5, N/A)-> UJEWWPA030 ->(0.5, N/A)-> UJPWWPA010 -> [UJP_MESH] -> UJPWMEC010 ->(2.38, 0.64)-> UJEWMEA040 ->(0.5, N/A)-> UJEWMEA030 -> UURWMEA120",6.385,2.0,0.0,1:PLJ+YDymoeWyxYhkXiN5AzoGbA8=,3,False
167,DK_KNDYSPCN_FL,UURWMEA110,"DK_KNDYSPCN_FL -> UJEWJKV030 ->(6.5, 3.0)-> UJEWBRA030 ->(0.5, N/A)-> UJPWBRA010 -> [UJP_MESH] -> UJPWPNT010 ->(0.73, 0.18)-> UJEWMEA030 ->(0.5, N/A)-> UJEWMEA040 -> UURWMEA110",8.23,3.18,0.0,1:UPmh9jmUlmeeQzNZCOgqxWNjsIA=,2,False
168,DK_KNDYSPCN_FL,UURWMEA120,"DK_KNDYSPCN_FL -> UJEWJKV030 ->(6.5, 3.0)-> UJEWBRA030 ->(0.5, N/A)-> UJPWBRA010 -> [UJP_MESH] -> UJPWPNT010 ->(0.73, 0.18)-> UJEWMEA030 -> UURWMEA120",7.73,3.18,0.0,1:+fzlnmfEM6tjNiau2XBWgJwIoYk=,3,False
169,DK_KNGOFPRS_PA,UURWMEA110,"DK_KNGOFPRS_PA -> UJEWMEC030 ->(0.5, N/A)-> UJPWMEC010 ->(2.38, 0.64)-> UJEWMEA040 -> UURWMEA110",2.885,0.64,0.0,1:DmjnN7Vimu3SCMV7RR/mpkVdgCM=,2,False
170,DK_KNGOFPRS_PA,UURWMEA120,"DK_KNGOFPRS_PA -> UJEWMEC030 ->(0.5, N/A)-> UJPWMEC010 ->(2.38, 0.64)-> UJEWMEA040 ->(0.5, N/A)-> UJEWMEA030 -> UURWMEA120",3.385,0.64,0.0,1:5w4B+K8WAoLEtCyy8PF1R52SwfU=,3,False
171,DK_KTLNDAFB_NM,UURWMEA110,"DK_KTLNDAFB_NM -> UJEWKIR030 ->(3.5, 2.18)-> UJEWCAR040 ->(0.5, N/A)-> UJEWCAR030 ->(1.5, 0.58)-> UJPWBCK010 -> [UJP_MESH] -> UJPWMEC010 ->(2.38, 0.64)-> UJEWMEA040 -> UURWMEA110",7.885,3.4000000000000004,0.0,1:rop4GmWjOAoEevXBgihaoEpcGJ0=,2,False
172,DK_KTLNDAFB_NM,UURWMEA120,"DK_KTLNDAFB_NM -> UJEWKIR030 ->(3.5, 2.18)-> UJEWCAR040 ->(0.5, N/A)-> UJEWCAR030 ->(1.5, 0.58)-> UJPWBCK010 -> [UJP_MESH] -> UJPWMEC010 ->(2.38, 0.64)-> UJEWMEA040 ->(0.5, N/A)-> UJEWMEA030 -> UURWMEA120",8.385,3.4000000000000004,0.0,1:+KbAa4Lt5yOLYDlIkICtvdRVD6s=,3,False
173,DK_LANDSDALE_PA,UURWMEA110,"DK_LANDSDALE_PA -> UJEWPHI030 ->(2.0, 0.82)-> UJEWMEA040 -> UURWMEA110",2.0,0.82,0.0,1:LWjXThMb00VWPxdYzyVNXvLjYD4=,2,False
174,DK_LANDSDALE_PA,UURWMEA120,"DK_LANDSDALE_PA -> UJEWPHI030 ->(2.0, 0.82)-> UJEWMEA040 ->(0.5, N/A)-> UJEWMEA030 -> UURWMEA120",2.5,0.82,0.0,1:Fk99iiwq8n5Y5uXh7V1uvrrw7uQ=,3,False
175,DK_LARGO_FL,UURWMEA110,"DK_LARGO_FL -> UJEWJKV030 ->(6.5, 3.0)-> UJEWBRA030 ->(0.5, N/A)-> UJPWBRA010 -> [UJP_MESH] -> UJPWPNT010 ->(0.73, 0.18)-> UJEWMEA030 ->(0.5, N/A)-> UJEWMEA040 -> UURWMEA110",8.23,3.18,0.0,1:DJ9K2Ec+jL0eBuC8dqsKKyu02pk=,2,False
176,DK_LARGO_FL,UURWMEA120,"DK_LARGO_FL -> UJEWJKV030 ->(6.5, 3.0)-> UJEWBRA030 ->(0.5, N/A)-> UJPWBRA010 -> [UJP_MESH] -> UJPWPNT010 ->(0.73, 0.18)-> UJEWMEA030 -> UURWMEA120",7.73,3.18,0.0,1:DA+kl1mu1eM01hAPiM632LA9MAU=,3,False
177,DK_LEXINGTN_KY,UURWMEA110,"DK_LEXINGTN_KY -> UJEWPNT030 ->(0.5, N/A)-> UJPWPNT010 ->(0.73, 0.18)-> UJEWMEA030 ->(0.5, N/A)-> UJEWMEA040 -> UURWMEA110",1.73,0.18,0.0,1:4jAMUsdxSN2AlERMNkxPT8T0QWM=,2,False
178,DK_LEXINGTN_KY,UURWMEA120,"DK_LEXINGTN_KY -> UJEWPNT030 ->(0.5, N/A)-> UJPWPNT010 ->(0.73, 0.18)-> UJEWMEA030 -> UURWMEA120",1.23,0.18,0.0,1:CTmCnWIlysc6S3npWYHJDiPwxXI=,3,False
179,DK_LIMA_OH,UURWMEA110,"DK_LIMA_OH -> UJEWKNO030 ->(0.5, N/A)-> UJEWKNO040 ->(2.0, 1.36)-> UJEWWPA040 ->(0.5, N/A)-> UJEWWPA030 ->(0.5, N/A)-> UJPWWPA010 -> [UJP_MESH] -> UJPWMEC010 ->(2.38, 0.64)-> UJEWMEA040 -> UURWMEA110",5.885,2.0,0.0,1:WMuB0yInWY5xs9dZpMJdmRtkUJs=,1,False
180,DK_LIMA_OH,UURWMEA120,"DK_LIMA_OH -> UJEWKNO030 ->(0.5, N/A)-> UJEWKNO040 ->(2.0, 1.36)-> UJEWWPA040 ->(0.5, N/A)-> UJEWWPA030 ->(0.5, N/A)-> UJPWWPA010 -> [UJP_MESH] -> UJPWMEC010 ->(2.38, 0.64)-> UJEWMEA040 ->(0.5, N/A)-> UJEWMEA030 -> UURWMEA120",6.385,2.0,0.0,1:/eVhyn/1SRhjrWP/823LA7WrbTI=,3,False
181,DK_LIVERPOL_NY,UURWMEA110,"DK_LIVERPOL_NY -> UJEWPHI030 ->(2.0, 0.82)-> UJEWMEA040 -> UURWMEA110",2.0,0.82,0.0,1:ESr68UzXxfpV1BO8a1uPUYVsVnM=,2,False
182,DK_LIVERPOL_NY,UURWMEA120,"DK_LIVERPOL_NY -> UJEWPHI030 ->(2.0, 0.82)-> UJEWMEA040 ->(0.5, N/A)-> UJEWMEA030 -> UURWMEA120",2.5,0.82,0.0,1:39OLxYl8fzLuNnHX0grTpGBWG2Q=,3,False
183,DK_LNTHCMHT_MD,UURWMEA110,DK_LNTHCMHT_MD -> UJEWMEA040 -> UURWMEA110,0.0,0.0,0.0,1:T6wObPjFHoRpkOH7413OPw7MKl0=,2,False
184,DK_LNTHCMHT_MD,UURWMEA120,"DK_LNTHCMHT_MD -> UJEWMEA040 ->(0.5, N/A)-> UJEWMEA030 -> UURWMEA120",0.5,0.0,0.0,1:40FxREFIgk7LAnz7npqW7E2axmU=,3,False
185,DK_LOUISVLL_KY,UURWMEA110,"DK_LOUISVLL_KY -> UJEWKNO030 ->(0.5, N/A)-> UJEWKNO040 ->(2.0, 1.36)-> UJEWWPA040 ->(0.5, N/A)-> UJEWWPA030 ->(0.5, N/A)-> UJPWWPA010 -> [UJP_MESH] -> UJPWMEC010 ->(2.38, 0.64)-> UJEWMEA040 -> UURWMEA110",5.885,2.0,0.0,1:u8ePs6E86u3pIsy072GF3gm48s0=,1,False
186,DK_LOUISVLL_KY,UURWMEA120,"DK_LOUISVLL_KY -> UJEWKNO030 ->(0.5, N/A)-> UJEWKNO040 ->(2.0, 1.36)-> UJEWWPA040 ->(0.5, N/A)-> UJEWWPA030 ->(0.5, N/A)-> UJPWWPA010 -> [UJP_MESH] -> UJPWMEC010 ->(2.38, 0.64)-> UJEWMEA040 ->(0.5, N/A)-> UJEWMEA030 -> UURWMEA120",6.385,2.0,0.0,1:+X7UsFLU6OvE9RtHfrLsngRPTP8=,3,False
187,DK_LTKNYDPT_PA,UURWMEA110,"DK_LTKNYDPT_PA -> UJEWLED030 ->(4.5, 0.64)-> UJEWMEA040 -> UURWMEA110",4.5,0.64,0.0,1:14IbBNYGthaFjmHFCE8TRrRTvbM=,3,True
188,DK_LTKNYDPT_PA,UURWMEA110,"DK_LTKNYDPT_PA -> UJEWLED040 ->(0.5, N/A)-> UJEWLED030 ->(4.5, 0.64)-> UJEWMEA040 -> UURWMEA110",5.0,0.64,0.5,1:6n3ymQIiuCa+EdJ1G4ZCSZZQtgI=,2,True
189,DK_LTKNYDPT_PA,UURWMEA120,"DK_LTKNYDPT_PA -> UJEWLED030 ->(4.5, 0.64)-> UJEWMEA040 ->(0.5, N/A)-> UJEWMEA030 -> UURWMEA120",5.0,0.64,0.0,1:7y5tM86aImfBuYO743LzHVU0ebA=,5,True
190,DK_LTKNYDPT_PA,UURWMEA120,"DK_LTKNYDPT_PA -> UJEWLED040 ->(0.5, N/A)-> UJEWLED030 ->(4.5, 0.64)-> UJEWMEA040 ->(0.5, N/A)-> UJEWMEA030 -> UURWMEA120",5.5,0.64,0.5,1:5/CCsKmGiWa/JD3gKgczTqEymFI=,5,True
191,DK_LUFKIN_TX,UURWMEA110,"DK_LUFKIN_TX -> UJEWSNA040 ->(4.5, 3.35)-> UJPWTIN010 -> [UJP_MESH] -> UJPWMEC010 ->(2.38, 0.64)-> UJEWMEA040 -> UURWMEA110",6.885,3.99,0.0,1:oxekIsYcZ8BRPtci82rlxX8D2oQ=,2,False
192,DK_LUFKIN_TX,UURWMEA120,"DK_LUFKIN_TX -> UJEWSNA040 ->(4.5, 3.35)-> UJPWTIN010 -> [UJP_MESH] -> UJPWMEC010 ->(2.38, 0.64)-> UJEWMEA040 ->(0.5, N/A)-> UJEWMEA030 -> UURWMEA120",7.385,3.99,0.0,1:1hgjM0gd41IcN9dfq+b0+Z9+Bng=,3,False
193,DK_LUKEAFB_AZ,UURWMEA110,"DK_LUKEAFB_AZ -> UJEWLUK030 ->(3.5, 2.29)-> UJEWNIS030 ->(0.5, N/A)-> UJEWNIS040 ->(14.0, 6.8)-> UJPWBCK010 -> [UJP_MESH] -> UJPWMEC010 ->(2.38, 0.64)-> UJEWMEA040 -> UURWMEA110",20.384999999999998,9.73,0.0,1:TiWqd10x+45qbrIR5Y0oJIivcRo=,2,False
194,DK_LUKEAFB_AZ,UURWMEA120,"DK_LUKEAFB_AZ -> UJEWLUK030 ->(3.5, 2.29)-> UJEWNIS030 ->(0.5, N/A)-> UJEWNIS040 ->(14.0, 6.8)-> UJPWBCK010 -> [UJP_MESH] -> UJPWMEC010 ->(2.38, 0.64)-> UJEWMEA040 ->(0.5, N/A)-> UJEWMEA030 -> UURWMEA120",20.884999999999998,9.73,0.0,1:09s7KKnkZopSvByYab7TDoebFeg=,3,False
195,DK_LYNN_MA,UURWMEA110,"DK_LYNN_MA -> UJEWMEC030 ->(0.5, N/A)-> UJPWMEC010 ->(2.38, 0.64)-> UJEWMEA040 -> UURWMEA110",2.885,0.64,0.0,1:Am4uO5m+NX8Mkkt4dtxY2Y0L3yk=,2,False
196,DK_LYNN_MA,UURWMEA120,"DK_LYNN_MA -> UJEWMEC030 ->(0.5, N/A)-> UJPWMEC010 ->(2.38, 0.64)-> UJEWMEA040 ->(0.5, N/A)-> UJEWMEA030 -> UURWMEA120",3.385,0.64,0.0,1:Zu+oe5FXFZ6nuGGMJeRWTKRNX9c=,3,False
197,DK_MALABAR_FL,UURWMEA110,"DK_MALABAR_FL -> UJEWJKV030 ->(6.5, 3.0)-> UJEWBRA030 ->(0.5, N/A)-> UJPWBRA010 -> [UJP_MESH] -> UJPWPNT010 ->(0.73, 0.18)-> UJEWMEA030 ->(0.5, N/A)-> UJEWMEA040 -> UURWMEA110",8.23,3.18,0.0,1:3pRs29HNRV+w3ioC8va2oGR4Vg0=,2,False
198,DK_MALABAR_FL,UURWMEA120,"DK_MALABAR_FL -> UJEWJKV030 ->(6.5, 3.0)-> UJEWBRA030 ->(0.5, N/A)-> UJPWBRA010 -> [UJP_MESH] -> UJPWPNT010 ->(0.73, 0.18)-> UJEWMEA030 -> UURWMEA120",7.73,3.18,0.0,1:+sO8YMY1TjLXiYmK1kQcJA3EXWQ=,3,False
199,DK_MANASSAS_VA,UURWMEA110,DK_MANASSAS_VA -> UJEWMEA040 -> UURWMEA110,0.0,0.0,0.0,1:ardV78MGB9KsfJVFHBsb3zOHZr4=,2,False
200,DK_MANASSAS_VA,UURWMEA120,"DK_MANASSAS_VA -> UJEWMEA040 ->(0.5, N/A)-> UJEWMEA030 -> UURWMEA120",0.5,0.0,0.0,1:EtA26C6BVNnWgWap7qvkRqFhp08=,3,False
201,DK_MANCHSTR_NH,UURWMEA110,"DK_MANCHSTR_NH -> UJEWHAN030 ->(5.0, 2.98)-> UJEWMEA040 -> UURWMEA110",5.0,2.98,0.0,1:hWQwnEO8y463z5hdbvDUpFFswas=,2,False
202,DK_MANCHSTR_NH,UURWMEA120,"DK_MANCHSTR_NH -> UJEWHAN030 ->(5.0, 2.98)-> UJEWMEA040 ->(0.5, N/A)-> UJEWMEA030 -> UURWMEA120",5.5,2.98,0.0,1:38u9THHTjNHVbvQn4/A9QPaps4I=,3,False
203,DK_MARIETTA_GA,UURWMEA110,"DK_MARIETTA_GA -> UJEWGOR040 ->(0.5, N/A)-> UJEWGOR030 ->(4.0, 1.72)-> UJEWBRA030 ->(0.5, N/A)-> UJPWBRA010 -> [UJP_MESH] -> UJPWPNT010 ->(0.73, 0.18)-> UJEWMEA030 ->(0.5, N/A)-> UJEWMEA040 -> UURWMEA110",6.23,1.9,0.0,1:a2Em8K0WnyGY+5bOZCJNOPB3Zzg=,2,False
204,DK_MARIETTA_GA,UURWMEA120,"DK_MARIETTA_GA -> UJEWGOR040 ->(0.5, N/A)-> UJEWGOR030 ->(4.0, 1.72)-> UJEWBRA030 ->(0.5, N/A)-> UJPWBRA010 -> [UJP_MESH] -> UJPWPNT010 ->(0.73, 0.18)-> UJEWMEA030 -> UURWMEA120",5.73,1.9,0.0,1:Iwn4U78WskZmA87oL67l5yIM+CE=,3,False
205,DK_MARLBORO_MA,UURWMEA110,"DK_MARLBORO_MA -> UJEWMEC030 ->(0.5, N/A)-> UJPWMEC010 ->(2.38, 0.64)-> UJEWMEA040 -> UURWMEA110",2.885,0.64,0.0,1:7mqbdWo3zZqg9alKojZE47NMLnU=,2,False
206,DK_MARLBORO_MA,UURWMEA120,"DK_MARLBORO_MA -> UJEWMEC030 ->(0.5, N/A)-> UJPWMEC010 ->(2.38, 0.64)-> UJEWMEA040 ->(0.5, N/A)-> UJEWMEA030 -> UURWMEA120",3.385,0.64,0.0,1:G4tB/LjuQB4E3esPcVS0sWLNit4=,3,False
207,DK_MCDLLAFB_FL,UURWMEA110,"DK_MCDLLAFB_FL -> UJEWMAC030 ->(0.5, N/A)-> UJEWMAC040 ->(N/A, 1.39)-> UJEWJKV040 ->(0.5, N/A)-> UJEWJKV030 ->(6.5, 3.0)-> UJEWBRA030 ->(0.5, N/A)-> UJPWBRA010 -> [UJP_MESH] -> UJPWPNT010 ->(0.73, 0.18)-> UJEWMEA030 ->(0.5, N/A)-> UJEWMEA040 -> UURWMEA110",9.23,4.569999999999999,0.5,1:KWlPl+gKv+mUsYN3ckTDpSfcLhw=,2,True
208,DK_MCDLLAFB_FL,UURWMEA110,"DK_MCDLLAFB_FL -> UJEWMAC040 ->(N/A, 1.39)-> UJEWJKV040 ->(0.5, N/A)-> UJEWJKV030 ->(6.5, 3.0)-> UJEWBRA030 ->(0.5, N/A)-> UJPWBRA010 -> [UJP_MESH] -> UJPWPNT010 ->(0.73, 0.18)-> UJEWMEA030 ->(0.5, N/A)-> UJEWMEA040 -> UURWMEA110",8.73,4.569999999999999,0.0,1:EtFzFjtT22iQVGHEEIZbjsL92ZE=,3,True
209,DK_MCDLLAFB_FL,UURWMEA120,"DK_MCDLLAFB_FL -> UJEWMAC030 ->(0.5, N/A)-> UJEWMAC040 ->(N/A, 1.39)-> UJEWJKV040 ->(0.5, N/A)-> UJEWJKV030 ->(6.5, 3.0)-> UJEWBRA030 ->(0.5, N/A)-> UJPWBRA010 -> [UJP_MESH] -> UJPWPNT010 ->(0.73, 0.18)-> UJEWMEA030 -> UURWMEA120",8.73,4.569999999999999,0.5,1:9+0ttQYAxobYiLOZ4AxyPCqlFhA=,5,True
210,DK_MCDLLAFB_FL,UURWMEA120,"DK_MCDLLAFB_FL -> UJEWMAC040 ->(N/A, 1.39)-> UJEWJKV040 ->(0.5, N/A)-> UJEWJKV030 ->(6.5, 3.0)-> UJEWBRA030 ->(0.5, N/A)-> UJPWBRA010 -> [UJP_MESH] -> UJPWPNT010 ->(0.73, 0.18)-> UJEWMEA030 -> UURWMEA120",8.23,4.569999999999999,0.0,1:0o619VA73XfC2lTGBRMGb9JJ2Gk=,3,True
211,DK_MCKINNEY_TX,UURWMEA110,"DK_MCKINNEY_TX -> UJEWSNA040 ->(4.5, 3.35)-> UJPWTIN010 -> [UJP_MESH] -> UJPWMEC010 ->(2.38, 0.64)-> UJEWMEA040 -> UURWMEA110",6.885,3.99,0.0,1:ONnxE8NDwi+TBv9yMb38qqtEJSI=,2,False
212,DK_MCKINNEY_TX,UURWMEA120,"DK_MCKINNEY_TX -> UJEWSNA040 ->(4.5, 3.35)-> UJPWTIN010 -> [UJP_MESH] -> UJPWMEC010 ->(2.38, 0.64)-> UJEWMEA040 ->(0.5, N/A)-> UJEWMEA030 -> UURWMEA120",7.385,3.99,0.0,1:AEqAOfNq9DPzX9iNAVzwTDt6wzM=,2,False
213,DK_MCLEAN_VA,UURWMEA110,"DK_MCLEAN_VA -> UJEWPNT030 ->(0.5, N/A)-> UJPWPNT010 ->(0.73, 0.18)-> UJEWMEA030 ->(0.5, N/A)-> UJEWMEA040 -> UURWMEA110",1.73,0.18,0.0,1:Hvtl2wx9VUeDBd7zaEx7Ziim0SY=,2,False
214,DK_MCLEAN_VA,UURWMEA120,"DK_MCLEAN_VA -> UJEWPNT030 ->(0.5, N/A)-> UJPWPNT010 ->(0.73, 0.18)-> UJEWMEA030 -> UURWMEA120",1.23,0.18,0.0,1:6CpwxDZ4+AFFngvbAoBgNrTD6o8=,3,False
215,DK_MELBOURN_FL,UURWMEA110,"DK_MELBOURN_FL -> UJEWJKV030 ->(6.5, 3.0)-> UJEWBRA030 ->(0.5, N/A)-> UJPWBRA010 -> [UJP_MESH] -> UJPWPNT010 ->(0.73, 0.18)-> UJEWMEA030 ->(0.5, N/A)-> UJEWMEA040 -> UURWMEA110",8.23,3.18,0.0,1:2EkRrRcKNYlIUq3ba/JcXhDl0oA=,5,False
216,DK_MELBOURN_FL,UURWMEA120,"DK_MELBOURN_FL -> UJEWJKV030 ->(6.5, 3.0)-> UJEWBRA030 ->(0.5, N/A)-> UJPWBRA010 -> [UJP_MESH] -> UJPWPNT010 ->(0.73, 0.18)-> UJEWMEA030 -> UURWMEA120",7.73,3.18,0.0,1:+mKfONow3QhHv7czVa/1HTPqJdU=,8,False
217,DK_MIESAUAD_DE,UURWMEA110,"DK_MIESAUAD_DE -> UJEELTM030 ->(1.0, 0.67)-> UJPEPTM010 -> [UJP_MESH] -> UJPWPNT010 ->(0.73, 0.18)-> UJEWMEA030 ->(0.5, N/A)-> UJEWMEA040 -> UURWMEA110",2.23,0.8500000000000001,0.0,1:5f4CsamyxmAaba1huvqnKsXh8x0=,2,False
218,DK_MIESAUAD_DE,UURWMEA120,"DK_MIESAUAD_DE -> UJEELTM030 ->(1.0, 0.67)-> UJPEPTM010 -> [UJP_MESH] -> UJPWPNT010 ->(0.73, 0.18)-> UJEWMEA030 -> UURWMEA120",1.73,0.8500000000000001,0.0,1:/h4f9uV9C4Rt6JAA/G8U6BMUDBM=,3,False
219,DK_MONROVLL_PA,UURWMEA110,"DK_MONROVLL_PA -> UJEWMEC030 ->(0.5, N/A)-> UJPWMEC010 ->(2.38, 0.64)-> UJEWMEA040 -> UURWMEA110",2.885,0.64,0.0,1:vAOgZQi1liBz6KLJHI8ca2lbutQ=,1,False
220,DK_MONROVLL_PA,UURWMEA120,"DK_MONROVLL_PA -> UJEWMEC030 ->(0.5, N/A)-> UJPWMEC010 ->(2.38, 0.64)-> UJEWMEA040 ->(0.5, N/A)-> UJEWMEA030 -> UURWMEA120",3.385,0.64,0.0,1:2tZJAy5r2DfG8i1MA/H5i9/OwtY=,3,False
221,DK_MOORSTWN_NJ,UURWMEA110,"DK_MOORSTWN_NJ -> UJEWHAN030 ->(5.0, 2.98)-> UJEWMEA040 -> UURWMEA110",5.0,2.98,0.0,1:SCsQNKwe0TOkQdTH4ACReZCuJMA=,2,False
222,DK_MOORSTWN_NJ,UURWMEA120,"DK_MOORSTWN_NJ -> UJEWHAN030 ->(5.0, 2.98)-> UJEWMEA040 ->(0.5, N/A)-> UJEWMEA030 -> UURWMEA120",5.5,2.98,0.0,1:6AGBsqAHFro6090tMnL3d6orIhM=,3,False
223,DK_NASHUA_NH,UURWMEA110,"DK_NASHUA_NH -> UJEWHAN030 ->(5.0, 2.98)-> UJEWMEA040 -> UURWMEA110",5.0,2.98,0.0,1:1GpHG27le+gQA2WiuCIcU/Iu0cE=,2,False
224,DK_NASHUA_NH,UURWMEA120,"DK_NASHUA_NH -> UJEWHAN030 ->(5.0, 2.98)-> UJEWMEA040 ->(0.5, N/A)-> UJEWMEA030 -> UURWMEA120",5.5,2.98,0.0,1:+EOHtwvdMQvlKyrhLAagXLaV5nE=,3,False
225,DK_NRTHAPTN_MA,UURWMEA110,"DK_NRTHAPTN_MA -> UJEWMEC030 ->(0.5, N/A)-> UJPWMEC010 ->(2.38, 0.64)-> UJEWMEA040 -> UURWMEA110",2.885,0.64,0.0,1:7AiQXbmFDnTLcfkccB36fS33St8=,2,False
226,DK_NRTHAPTN_MA,UURWMEA120,"DK_NRTHAPTN_MA -> UJEWMEC030 ->(0.5, N/A)-> UJPWMEC010 ->(2.38, 0.64)-> UJEWMEA040 ->(0.5, N/A)-> UJEWMEA030 -> UURWMEA120",3.385,0.64,0.0,1:PGcbFK0Ok6jbflnVIgJfUcffck4=,3,False
227,DK_NSAMCNCS_PA,UURWMEA110,"DK_NSAMCNCS_PA -> UJEWMEC030 ->(0.5, N/A)-> UJPWMEC010 ->(2.38, 0.64)-> UJEWMEA040 -> UURWMEA110",2.885,0.64,0.0,1:4J5PXwceLLgtnNP9+fGicKpW9mQ=,6,True
228,DK_NSAMCNCS_PA,UURWMEA110,"DK_NSAMCNCS_PA -> UJEWMEC040 ->(0.5, N/A)-> UJEWMEC030 ->(0.5, N/A)-> UJPWMEC010 ->(2.38, 0.64)-> UJEWMEA040 -> UURWMEA110",3.385,0.64,0.5,1:1+n3rxLQrSRa5DZwss7B66LUbeM=,3,True
229,DK_NSAMCNCS_PA,UURWMEA120,"DK_NSAMCNCS_PA -> UJEWMEC030 ->(0.5, N/A)-> UJPWMEC010 ->(2.38, 0.64)-> UJEWMEA040 ->(0.5, N/A)-> UJEWMEA030 -> UURWMEA120",3.385,0.64,0.0,1:CY6ZfuzqncOKDAruRYgWtdN7FB8=,10,True
230,DK_NSAMCNCS_PA,UURWMEA120,"DK_NSAMCNCS_PA -> UJEWMEC040 ->(0.5, N/A)-> UJEWMEC030 ->(0.5, N/A)-> UJPWMEC010 ->(2.38, 0.64)-> UJEWMEA040 ->(0.5, N/A)-> UJEWMEA030 -> UURWMEA120",3.885,0.64,0.5,1:/qLbWh2yY2ETyMIvTC13MDo/uv0=,5,True
231,DK_OCALA_FL,UURWMEA110,"DK_OCALA_FL -> UJEWJKV030 ->(6.5, 3.0)-> UJEWBRA030 ->(0.5, N/A)-> UJPWBRA010 -> [UJP_MESH] -> UJPWPNT010 ->(0.73, 0.18)-> UJEWMEA030 ->(0.5, N/A)-> UJEWMEA040 -> UURWMEA110",8.23,3.18,0.0,1:1MlIv6Q3TR5A6EzZxlMmdZDQfXQ=,2,False
232,DK_OCALA_FL,UURWMEA120,"DK_OCALA_FL -> UJEWJKV030 ->(6.5, 3.0)-> UJEWBRA030 ->(0.5, N/A)-> UJPWBRA010 -> [UJP_MESH] -> UJPWPNT010 ->(0.73, 0.18)-> UJEWMEA030 -> UURWMEA120",7.73,3.18,0.0,1:FKSLPuRtuIcuGvGGr6oqqG9LqIs=,3,False
233,DK_OKLAHMCY_OK,UURWMEA110,"DK_OKLAHMCY_OK -> UJEWSNA040 ->(4.5, 3.35)-> UJPWTIN010 -> [UJP_MESH] -> UJPWMEC010 ->(2.38, 0.64)-> UJEWMEA040 -> UURWMEA110",6.885,3.99,0.0,1:M6YDbzsu1Q6fr+wy9Av/Y2X/DaE=,4,False
234,DK_OKLAHMCY_OK,UURWMEA120,"DK_OKLAHMCY_OK -> UJEWSNA040 ->(4.5, 3.35)-> UJPWTIN010 -> [UJP_MESH] -> UJPWMEC010 ->(2.38, 0.64)-> UJEWMEA040 ->(0.5, N/A)-> UJEWMEA030 -> UURWMEA120",7.385,3.99,0.0,1:C1fFPYw3I2pYwq6E+EtCum+7ON0=,6,False
235,DK_OLDSMAR_FL,UURWMEA110,"DK_OLDSMAR_FL -> UJEWJKV030 ->(6.5, 3.0)-> UJEWBRA030 ->(0.5, N/A)-> UJPWBRA010 -> [UJP_MESH] -> UJPWPNT010 ->(0.73, 0.18)-> UJEWMEA030 ->(0.5, N/A)-> UJEWMEA040 -> UURWMEA110",8.23,3.18,0.0,1:6XFOqNTnLXRile5PqM4SrfS2Knw=,2,False
236,DK_OLDSMAR_FL,UURWMEA120,"DK_OLDSMAR_FL -> UJEWJKV030 ->(6.5, 3.0)-> UJEWBRA030 ->(0.5, N/A)-> UJPWBRA010 -> [UJP_MESH] -> UJPWPNT010 ->(0.73, 0.18)-> UJEWMEA030 -> UURWMEA120",7.73,3.18,0.0,1:Ld9Jp4sJQWgSZe64H59aTQK+s8I=,3,False
237,DK_ORLANDO_FL,UURWMEA110,"DK_ORLANDO_FL -> UJEWGOR040 ->(0.5, N/A)-> UJEWGOR030 ->(4.0, 1.72)-> UJEWBRA030 ->(0.5, N/A)-> UJPWBRA010 -> [UJP_MESH] -> UJPWPNT010 ->(0.73, 0.18)-> UJEWMEA030 ->(0.5, N/A)-> UJEWMEA040 -> UURWMEA110",6.23,1.9,0.0,1:IkGWj9HZQlijXOK0SzwN916o0Ig=,2,True
238,DK_ORLANDO_FL,UURWMEA110,"DK_ORLANDO_FL -> UJEWJKV030 ->(6.5, 3.0)-> UJEWBRA030 ->(0.5, N/A)-> UJPWBRA010 -> [UJP_MESH] -> UJPWPNT010 ->(0.73, 0.18)-> UJEWMEA030 ->(0.5, N/A)-> UJEWMEA040 -> UURWMEA110",8.23,3.18,2.0,1:6SCW4LaVO2nFkTM7BOLZ6SxXGNc=,6,True
239,DK_ORLANDO_FL,UURWMEA120,"DK_ORLANDO_FL -> UJEWGOR040 ->(0.5, N/A)-> UJEWGOR030 ->(4.0, 1.72)-> UJEWBRA030 ->(0.5, N/A)-> UJPWBRA010 -> [UJP_MESH] -> UJPWPNT010 ->(0.73, 0.18)-> UJEWMEA030 -> UURWMEA120",5.73,1.9,0.0,1:EFv5Lh+4uwTz7/H9E4wP/W5zC/U=,1,True
240,DK_ORLANDO_FL,UURWMEA120,"DK_ORLANDO_FL -> UJEWJKV030 ->(6.5, 3.0)-> UJEWBRA030 ->(0.5, N/A)-> UJPWBRA010 -> [UJP_MESH] -> UJPWPNT010 ->(0.73, 0.18)-> UJEWMEA030 -> UURWMEA120",7.73,3.18,2.0,1:2VLp0dO0U3Dk6ZeyJItzFrDReYA=,9,True
241,DK_OSHKOSH_WI,UURWMEA110,"DK_OSHKOSH_WI -> UJEWWPA040 ->(0.5, N/A)-> UJEWWPA030 ->(0.5, N/A)-> UJPWWPA010 -> [UJP_MESH] -> UJPWMEC010 ->(2.38, 0.64)-> UJEWMEA040 -> UURWMEA110",3.385,0.64,0.0,1:T/UEbucCbskE0NIlPUZaRUkHkSc=,2,False
242,DK_OSHKOSH_WI,UURWMEA120,"DK_OSHKOSH_WI -> UJEWWPA040 ->(0.5, N/A)-> UJEWWPA030 ->(0.5, N/A)-> UJPWWPA010 -> [UJP_MESH] -> UJPWMEC010 ->(2.38, 0.64)-> UJEWMEA040 ->(0.5, N/A)-> UJEWMEA030 -> UURWMEA120",3.885,0.64,0.0,1:dY9c3XYlxiznBN72mRPGhapopvM=,3,False
243,DK_OTTAWA_CA,UURWMEA110,"DK_OTTAWA_CA -> UJEWDRU040 ->(1.0, N/A)-> UJEWDRU030 ->(N/A, 2.79)-> UJEWMEA030 ->(0.5, N/A)-> UJEWMEA040 -> UURWMEA110",1.5,2.79,0.0,1:QlOq+aX2kpv1DHVFB7IAuIQm9uI=,1,False
244,DK_PASADENA_TX,UURWMEA110,"DK_PASADENA_TX -> UJEWSNA040 ->(4.5, 3.35)-> UJPWTIN010 -> [UJP_MESH] -> UJPWMEC010 ->(2.38, 0.64)-> UJEWMEA040 -> UURWMEA110",6.885,3.99,0.0,1:AKkTSpKD6j/opP/Md6Jzj2srMqY=,2,False
245,DK_PASADENA_TX,UURWMEA120,"DK_PASADENA_TX -> UJEWSNA040 ->(4.5, 3.35)-> UJPWTIN010 -> [UJP_MESH] -> UJPWMEC010 ->(2.38, 0.64)-> UJEWMEA040 ->(0.5, N/A)-> UJEWMEA030 -> UURWMEA120",7.385,3.99,0.0,1:CYqFn9TNuXRYhz7+n8BoGVdDB44=,2,False
246,DK_PATCHBK_DE,UURWMEA110,"DK_PATCHBK_DE -> UJEEPTM030 ->(0.5, N/A)-> UJPEPTM010 -> [UJP_MESH] -> UJPWPNT010 ->(0.73, 0.18)-> UJEWMEA030 ->(0.5, N/A)-> UJEWMEA040 -> UURWMEA110",1.73,0.18,0.0,1:KY3aOAhr+eBSrZM7wBWOM/7Utkc=,3,True
247,DK_PATCHBK_DE,UURWMEA110,"DK_PATCHBK_DE -> UJEEPTM040 ->(0.5, N/A)-> UJEEPTM030 ->(0.5, N/A)-> UJPEPTM010 -> [UJP_MESH] -> UJPWPNT010 ->(0.73, 0.18)-> UJEWMEA030 ->(0.5, N/A)-> UJEWMEA040 -> UURWMEA110",2.23,0.18,0.5,1:Jx96F3ZwV2G3WqaYAe9M9kUNFQA=,3,True
248,DK_PATCHBK_DE,UURWMEA120,"DK_PATCHBK_DE -> UJEEPTM030 ->(0.5, N/A)-> UJPEPTM010 -> [UJP_MESH] -> UJPWPNT010 ->(0.73, 0.18)-> UJEWMEA030 -> UURWMEA120",1.23,0.18,0.0,1:7/cwwftBlA8+UrGVrp7udrxL7ek=,5,True
249,DK_PATCHBK_DE,UURWMEA120,"DK_PATCHBK_DE -> UJEEPTM040 ->(0.5, N/A)-> UJEEPTM030 ->(0.5, N/A)-> UJPEPTM010 -> [UJP_MESH] -> UJPWPNT010 ->(0.73, 0.18)-> UJEWMEA030 -> UURWMEA120",1.73,0.18,0.5,1:0P12rgOFi4w6x+Rmc302Z6uOxdM=,5,True
250,DK_PEASEANG_NH,UURWMEA110,"DK_PEASEANG_NH -> UJEWHAN030 ->(5.0, 2.98)-> UJEWMEA040 -> UURWMEA110",5.0,2.98,0.0,1:bkX+Qg9II/TdTN9deGPhsck6LTg=,2,False
251,DK_PEASEANG_NH,UURWMEA120,"DK_PEASEANG_NH -> UJEWHAN030 ->(5.0, 2.98)-> UJEWMEA040 ->(0.5, N/A)-> UJEWMEA030 -> UURWMEA120",5.5,2.98,0.0,1:VymzQ9IhxlMJ47h2wd1WFGd3i2Q=,2,False
252,DK_PENTAGON_DC,UURWMEA110,"DK_PENTAGON_DC -> UJEWPNT030 ->(0.5, N/A)-> UJPWPNT010 ->(0.73, 0.18)-> UJEWMEA030 ->(0.5, N/A)-> UJEWMEA040 -> UURWMEA110",1.73,0.18,0.0,1:G6iGb5Kp8OyCI6k8oxiUaAybnBo=,5,True
253,DK_PENTAGON_DC,UURWMEA110,"DK_PENTAGON_DC -> UJEWPNT040 ->(0.5, N/A)-> UJEWPNT030 ->(0.5, N/A)-> UJPWPNT010 ->(0.73, 0.18)-> UJEWMEA030 ->(0.5, N/A)-> UJEWMEA040 -> UURWMEA110",2.23,0.18,0.5,1:MHm2sYQE5VNiTW6PrIhEYpFL+Y0=,3,True
254,DK_PENTAGON_DC,UURWMEA120,"DK_PENTAGON_DC -> UJEWPNT030 ->(0.5, N/A)-> UJPWPNT010 ->(0.73, 0.18)-> UJEWMEA030 -> UURWMEA120",1.23,0.18,0.0,1:AWa0IWw+HbfvrvWsqBdf21WjmPU=,8,True
255,DK_PENTAGON_DC,UURWMEA120,"DK_PENTAGON_DC -> UJEWPNT040 ->(0.5, N/A)-> UJEWPNT030 ->(0.5, N/A)-> UJPWPNT010 ->(0.73, 0.18)-> UJEWMEA030 -> UURWMEA120",1.73,0.18,0.5,1:Gcgc7mfSPDas20jJjYtw/zWYGq4=,5,True
256,DK_PHILDLPH_PA,UURWMEA110,"DK_PHILDLPH_PA -> UJEWPHI030 ->(2.0, 0.82)-> UJEWMEA040 -> UURWMEA110",2.0,0.82,0.0,1:FJO1Yw3fvAgnWIE2Rf2BuOHhTqk=,6,False
257,DK_PHILDLPH_PA,UURWMEA120,"DK_PHILDLPH_PA -> UJEWPHI030 ->(2.0, 0.82)-> UJEWMEA040 ->(0.5, N/A)-> UJEWMEA030 -> UURWMEA120",2.5,0.82,0.0,1:5FHVQiW19rZMe4U48HV+N6JKMPY=,9,False
258,DK_PICATNNY_NJ,UURWMEA110,"DK_PICATNNY_NJ -> UJEWPIC030 ->(0.5, N/A)-> UJEWPIC040 ->(2.5, 0.62)-> UJEWPHI040 ->(1.0, N/A)-> UJEWPHI030 ->(2.0, 0.82)-> UJEWMEA040 -> UURWMEA110",6.0,1.44,0.0,1:wmGj+xLBw4n0kkrLsieuPwJ4/FY=,1,False
259,DK_PICATNNY_NJ,UURWMEA120,"DK_PICATNNY_NJ -> UJEWPIC030 ->(0.5, N/A)-> UJEWPIC040 ->(2.5, 0.62)-> UJEWPHI040 ->(1.0, N/A)-> UJEWPHI030 ->(2.0, 0.82)-> UJEWMEA040 ->(0.5, N/A)-> UJEWMEA030 -> UURWMEA120",6.5,1.44,0.0,1:BtTe9R+xU6O6gRutMgmDX9yqj2s=,1,False
260,DK_PITTSFLD_MA,UURWMEA110,"DK_PITTSFLD_MA -> UJEWPHI030 ->(2.0, 0.82)-> UJEWMEA040 -> UURWMEA110",2.0,0.82,0.0,1:JoeebvJ38NA1LE1TtD1LndXT3Xk=,2,False
261,DK_PITTSFLD_MA,UURWMEA120,"DK_PITTSFLD_MA -> UJEWPHI030 ->(2.0, 0.82)-> UJEWMEA040 ->(0.5, N/A)-> UJEWMEA030 -> UURWMEA120",2.5,0.82,0.0,1:H6Y9oMrjkFX9BPN4Vly8COR2iUs=,3,False
262,DK_PLANO_TX,UURWMEA110,"DK_PLANO_TX -> UJEWSNA040 ->(4.5, 3.35)-> UJPWTIN010 -> [UJP_MESH] -> UJPWMEC010 ->(2.38, 0.64)-> UJEWMEA040 -> UURWMEA110",6.885,3.99,0.0,1:Ukr3uiBqIv8tk+QmEiDN6xDKmZI=,2,False
263,DK_PLANO_TX,UURWMEA120,"DK_PLANO_TX -> UJEWSNA040 ->(4.5, 3.35)-> UJPWTIN010 -> [UJP_MESH] -> UJPWMEC010 ->(2.38, 0.64)-> UJEWMEA040 ->(0.5, N/A)-> UJEWMEA030 -> UURWMEA120",7.385,3.99,0.0,1:4MF7aZ1U2A0Dd+vkMUpGtwJ2vX8=,3,False
264,DK_PORTSMTH_RI,UURWMEA110,"DK_PORTSMTH_RI -> UJEWMEC030 ->(0.5, N/A)-> UJPWMEC010 ->(2.38, 0.64)-> UJEWMEA040 -> UURWMEA110",2.885,0.64,0.0,1:2AXGAFgSleEZIlT977MmwiUBPDI=,2,False
265,DK_PORTSMTH_RI,UURWMEA120,"DK_PORTSMTH_RI -> UJEWMEC030 ->(0.5, N/A)-> UJPWMEC010 ->(2.38, 0.64)-> UJEWMEA040 ->(0.5, N/A)-> UJEWMEA030 -> UURWMEA120",3.385,0.64,0.0,1:12+SOm39IUTvwI4j6iLIB2HLKbk=,3,False
266,DK_PTRSNSFB_CO,UURWMEA110,"DK_PTRSNSFB_CO -> UJEWPET030 ->(0.5, N/A)-> UJEWPET040 ->(1.5, 0.5)-> UJPWBCK010 -> [UJP_MESH] -> UJPWMEC010 ->(2.38, 0.64)-> UJEWMEA040 -> UURWMEA110",4.385,1.1400000000000001,0.0,1:twvcxDYstcWDTByHc4Q7NhRwsQQ=,2,False
267,DK_PTRSNSFB_CO,UURWMEA120,"DK_PTRSNSFB_CO -> UJEWPET030 ->(0.5, N/A)-> UJEWPET040 ->(1.5, 0.5)-> UJPWBCK010 -> [UJP_MESH] -> UJPWMEC010 ->(2.38, 0.64)-> UJEWMEA040 ->(0.5, N/A)-> UJEWMEA030 -> UURWMEA120",4.885,1.1400000000000001,0.0,1:CX2W9IVEnOvY9fJc2tLMv+EynHY=,2,False
268,DK_RAFAKRTR_CY,UURWMEA110,"DK_RAFAKRTR_CY -> UJEEAKI030 ->(0.5, N/A)-> UJEEAKI040 ->(22.0, 8.91)-> UJEEDTM040 ->(0.5, N/A)-> UJEEDTM030 ->(0.5, N/A)-> UJPEDTM010 -> [UJP_MESH] -> UJPWPNT010 ->(0.73, 0.18)-> UJEWMEA030 ->(0.5, N/A)-> UJEWMEA040 -> UURWMEA110",24.73,9.09,0.5,1:DVPEeLMpdkyVtIO4NN3FnV+if5g=,2,True
269,DK_RAFAKRTR_CY,UURWMEA110,"DK_RAFAKRTR_CY -> UJEEAKI040 ->(22.0, 8.91)-> UJEEDTM040 ->(0.5, N/A)-> UJEEDTM030 ->(0.5, N/A)-> UJPEDTM010 -> [UJP_MESH] -> UJPWPNT010 ->(0.73, 0.18)-> UJEWMEA030 ->(0.5, N/A)-> UJEWMEA040 -> UURWMEA110",24.23,9.09,0.0,1:pze/zJPT+c1SZkiQMhEguZGrADE=,2,True
270,DK_RAFAKRTR_CY,UURWMEA120,"DK_RAFAKRTR_CY -> UJEEAKI030 ->(0.5, N/A)-> UJEEAKI040 ->(22.0, 8.91)-> UJEEDTM040 ->(0.5, N/A)-> UJEEDTM030 ->(0.5, N/A)-> UJPEDTM010 -> [UJP_MESH] -> UJPWPNT010 ->(0.73, 0.18)-> UJEWMEA030 -> UURWMEA120",24.23,9.09,0.5,1:3d4MMISCUpo3aF/TqzG19PmNyXY=,3,True
271,DK_RAFAKRTR_CY,UURWMEA120,"DK_RAFAKRTR_CY -> UJEEAKI040 ->(22.0, 8.91)-> UJEEDTM040 ->(0.5, N/A)-> UJEEDTM030 ->(0.5, N/A)-> UJPEDTM010 -> [UJP_MESH] -> UJPWPNT010 ->(0.73, 0.18)-> UJEWMEA030 -> UURWMEA120",23.73,9.09,0.0,1:EUJfmRZUYXWn7m45hpSuRs0h19o=,3,True
272,DK_RDSNASNL_AL,UURWMEA110,"DK_RDSNASNL_AL -> UJEWRED040 ->(N/A, 3.12)-> UJEWWPA040 ->(0.5, N/A)-> UJEWWPA030 ->(0.5, N/A)-> UJPWWPA010 -> [UJP_MESH] -> UJPWMEC010 ->(2.38, 0.64)-> UJEWMEA040 -> UURWMEA110",3.385,3.7600000000000002,0.0,1:N753iTXew23VKbZhWCFBcwQpQmk=,2,False
273,DK_RDSNASNL_AL,UURWMEA120,"DK_RDSNASNL_AL -> UJEWRED030 ->(0.5, N/A)-> UJEWRED040 ->(N/A, 3.12)-> UJEWWPA040 ->(0.5, N/A)-> UJEWWPA030 ->(0.5, N/A)-> UJPWWPA010 -> [UJP_MESH] -> UJPWMEC010 ->(2.38, 0.64)-> UJEWMEA040 ->(0.5, N/A)-> UJEWMEA030 -> UURWMEA120",4.385,3.7600000000000002,0.5,1:98IHsEvz4nb+xpJRFLWb7Z4OGcs=,2,True
274,DK_RDSNASNL_AL,UURWMEA120,"DK_RDSNASNL_AL -> UJEWRED040 ->(N/A, 3.12)-> UJEWWPA040 ->(0.5, N/A)-> UJEWWPA030 ->(0.5, N/A)-> UJPWWPA010 -> [UJP_MESH] -> UJPWMEC010 ->(2.38, 0.64)-> UJEWMEA040 ->(0.5, N/A)-> UJEWMEA030 -> UURWMEA120",3.885,3.7600000000000002,0.0,1:SnJ97yxznirxI8bzPXShXFvw3cE=,3,True
275,DK_REDOAK_TX,UURWMEA110,"DK_REDOAK_TX -> UJEWSNA040 ->(4.5, 3.35)-> UJPWTIN010 -> [UJP_MESH] -> UJPWMEC010 ->(2.38, 0.64)-> UJEWMEA040 -> UURWMEA110",6.885,3.99,0.0,1:/61k17HDKta8VdrjOa0PjVts2PE=,2,False
276,DK_REDOAK_TX,UURWMEA120,"DK_REDOAK_TX -> UJEWSNA040 ->(4.5, 3.35)-> UJPWTIN010 -> [UJP_MESH] -> UJPWMEC010 ->(2.38, 0.64)-> UJEWMEA040 ->(0.5, N/A)-> UJEWMEA030 -> UURWMEA120",7.385,3.99,0.0,1:7dNMTwQodbEJ5bLSF8MxbvvtsN4=,2,False
277,DK_RICHMOND_VA,UURWMEA110,"DK_RICHMOND_VA -> UJEWRCH040 ->(2.5, 0.63)-> UJEWBEL040 ->(0.5, N/A)-> UJEWBEL030 ->(0.5, N/A)-> UJPWBEL010 -> [UJP_MESH] -> UJPWPNT010 ->(0.73, 0.18)-> UJEWMEA030 ->(0.5, N/A)-> UJEWMEA040 -> UURWMEA110",4.73,0.81,0.0,1:FBKMG7VHlqoOuYNYnghki6d3J7o=,2,False
278,DK_RICHMOND_VA,UURWMEA120,"DK_RICHMOND_VA -> UJEWRCH040 ->(2.5, 0.63)-> UJEWBEL040 ->(0.5, N/A)-> UJEWBEL030 ->(0.5, N/A)-> UJPWBEL010 -> [UJP_MESH] -> UJPWPNT010 ->(0.73, 0.18)-> UJEWMEA030 -> UURWMEA120",4.23,0.81,0.0,1:58C/PLoidIX9GRNoEZdHdqiz4jA=,3,False
279,DK_RIDLEYPK_PA,UURWMEA110,"DK_RIDLEYPK_PA -> UJEWMEC030 ->(0.5, N/A)-> UJPWMEC010 ->(2.38, 0.64)-> UJEWMEA040 -> UURWMEA110",2.885,0.64,0.0,1:L4k6QxXBB2c2JzOV4OCRHQmwzGg=,2,False
280,DK_RIDLEYPK_PA,UURWMEA120,"DK_RIDLEYPK_PA -> UJEWMEC030 ->(0.5, N/A)-> UJPWMEC010 ->(2.38, 0.64)-> UJEWMEA040 ->(0.5, N/A)-> UJEWMEA030 -> UURWMEA120",3.385,0.64,0.0,1:EOWHqoLsAzwJeDCx+5Ay3B+N5/Q=,3,False
281,DK_ROCHESTR_NY,UURWMEA110,"DK_ROCHESTR_NY -> UJEWPHI030 ->(2.0, 0.82)-> UJEWMEA040 -> UURWMEA110",2.0,0.82,0.0,1:Cs97lOm0cupk73MvIIkorZP5uUI=,2,False
282,DK_ROCHESTR_NY,UURWMEA120,"DK_ROCHESTR_NY -> UJEWPHI030 ->(2.0, 0.82)-> UJEWMEA040 ->(0.5, N/A)-> UJEWMEA030 -> UURWMEA120",2.5,0.82,0.0,1:JSC+rZIdZbzTyh40VSeCteYACxY=,3,False
283,DK_SANANTON_TX,UURWMEA110,"DK_SANANTON_TX -> UJEWSNA040 ->(4.5, 3.35)-> UJPWTIN010 -> [UJP_MESH] -> UJPWMEC010 ->(2.38, 0.64)-> UJEWMEA040 -> UURWMEA110",6.885,3.99,0.0,1:Wpekq3ju4drz5ptaQxDn6c1XuRo=,4,False
284,DK_SANANTON_TX,UURWMEA120,"DK_SANANTON_TX -> UJEWSNA040 ->(4.5, 3.35)-> UJPWTIN010 -> [UJP_MESH] -> UJPWMEC010 ->(2.38, 0.64)-> UJEWMEA040 ->(0.5, N/A)-> UJEWMEA030 -> UURWMEA120",7.385,3.99,0.0,1:Ae+zplFP6b2+TXn+AmsOiEy4+Yw=,6,False
285,DK_SAN_JOSE_CA,UURWMEA110,"DK_SAN_JOSE_CA -> UJEWMIR030 ->(0.5, N/A)-> UJPWMIR010 -> [UJP_MESH] -> UJPWMEC010 ->(2.38, 0.64)-> UJEWMEA040 -> UURWMEA110",2.885,0.64,0.0,1:/q/ddSqobaFXYZ4UdX1TrN/+3RE=,7,False
286,DK_SAN_JOSE_CA,UURWMEA120,"DK_SAN_JOSE_CA -> UJEWMIR030 ->(0.5, N/A)-> UJPWMIR010 -> [UJP_MESH] -> UJPWMEC010 ->(2.38, 0.64)-> UJEWMEA040 ->(0.5, N/A)-> UJEWMEA030 -> UURWMEA120",3.385,0.64,0.0,1:LopXh4yQwilVYsiGQCzZMvWJjMg=,3,False
287,DK_SCHQMIAM_FL,UURWMEA110,"DK_SCHQMIAM_FL -> UJEWSCD030 ->(0.5, N/A)-> UJEWSCD040 ->(3.5, 2.46)-> UJEWJKV040 ->(0.5, N/A)-> UJEWJKV030 ->(6.5, 3.0)-> UJEWBRA030 ->(0.5, N/A)-> UJPWBRA010 -> [UJP_MESH] -> UJPWPNT010 ->(0.73, 0.18)-> UJEWMEA030 ->(0.5, N/A)-> UJEWMEA040 -> UURWMEA110",12.73,5.64,0.5,1:Y8MPiMHKybLm2uqdHqixh5ZF06E=,1,True
288,DK_SCHQMIAM_FL,UURWMEA110,"DK_SCHQMIAM_FL -> UJEWSCD040 ->(3.5, 2.46)-> UJEWJKV040 ->(0.5, N/A)-> UJEWJKV030 ->(6.5, 3.0)-> UJEWBRA030 ->(0.5, N/A)-> UJPWBRA010 -> [UJP_MESH] -> UJPWPNT010 ->(0.73, 0.18)-> UJEWMEA030 ->(0.5, N/A)-> UJEWMEA040 -> UURWMEA110",12.23,5.64,0.0,1:HwS65vBTf6WQjgZWaslsHkNGHqE=,3,True
289,DK_SCHQMIAM_FL,UURWMEA120,"DK_SCHQMIAM_FL -> UJEWSCD030 ->(0.5, N/A)-> UJEWSCD040 ->(3.5, 2.46)-> UJEWJKV040 ->(0.5, N/A)-> UJEWJKV030 ->(6.5, 3.0)-> UJEWBRA030 ->(0.5, N/A)-> UJPWBRA010 -> [UJP_MESH] -> UJPWPNT010 ->(0.73, 0.18)-> UJEWMEA030 -> UURWMEA120",12.23,5.64,0.5,1:2ZDdqDcBOijsHTWRks1AFjcXBt4=,2,True
290,DK_SCHQMIAM_FL,UURWMEA120,"DK_SCHQMIAM_FL -> UJEWSCD040 ->(3.5, 2.46)-> UJEWJKV040 ->(0.5, N/A)-> UJEWJKV030 ->(6.5, 3.0)-> UJEWBRA030 ->(0.5, N/A)-> UJPWBRA010 -> [UJP_MESH] -> UJPWPNT010 ->(0.73, 0.18)-> UJEWMEA030 -> UURWMEA120",11.73,5.64,0.0,1:2o5OBn585J/HDnCWr5GC3DX6vUQ=,5,True
291,DK_SCRANTON_PA,UURWMEA110,"DK_SCRANTON_PA -> UJEWHAN030 ->(5.0, 2.98)-> UJEWMEA040 -> UURWMEA110",5.0,2.98,0.0,1:0vYvr56u585rQ1qBUOk4zm9ejm4=,2,False
292,DK_SCRANTON_PA,UURWMEA120,"DK_SCRANTON_PA -> UJEWHAN030 ->(5.0, 2.98)-> UJEWMEA040 ->(0.5, N/A)-> UJEWMEA030 -> UURWMEA120",5.5,2.98,0.0,1:X4eLV8nTJJLxWRa6wGil7d7aeGo=,3,False
293,DK_SMYRNA_GA,UURWMEA110,"DK_SMYRNA_GA -> UJEWGOR040 ->(0.5, N/A)-> UJEWGOR030 ->(4.0, 1.72)-> UJEWBRA030 ->(0.5, N/A)-> UJPWBRA010 -> [UJP_MESH] -> UJPWPNT010 ->(0.73, 0.18)-> UJEWMEA030 ->(0.5, N/A)-> UJEWMEA040 -> UURWMEA110",6.23,1.9,0.0,1:i5gITcUibN98qLlvMimp75Yln2U=,2,False
294,DK_SMYRNA_GA,UURWMEA120,"DK_SMYRNA_GA -> UJEWGOR040 ->(0.5, N/A)-> UJEWGOR030 ->(4.0, 1.72)-> UJEWBRA030 ->(0.5, N/A)-> UJPWBRA010 -> [UJP_MESH] -> UJPWPNT010 ->(0.73, 0.18)-> UJEWMEA030 -> UURWMEA120",5.73,1.9,0.0,1:96vR4/IYDvf7VuovNPjeVt/U0/Y=,3,False
295,DK_SNANTISC_TX,UURWMEA110,"DK_SNANTISC_TX -> UJEWSNA030 ->(0.5, N/A)-> UJEWSNA040 ->(4.5, 3.35)-> UJPWTIN010 -> [UJP_MESH] -> UJPWMEC010 ->(2.38, 0.64)-> UJEWMEA040 -> UURWMEA110",7.385,3.99,0.5,1:879KdBSSj7u9MondlxFgZ5zIRNI=,3,True
296,DK_SNANTISC_TX,UURWMEA110,"DK_SNANTISC_TX -> UJEWSNA040 ->(4.5, 3.35)-> UJPWTIN010 -> [UJP_MESH] -> UJPWMEC010 ->(2.38, 0.64)-> UJEWMEA040 -> UURWMEA110",6.885,3.99,0.0,1:P/8JkxUQv6WhHTI4CnTsudDlctM=,3,True
297,DK_SNANTISC_TX,UURWMEA120,"DK_SNANTISC_TX -> UJEWSNA030 ->(0.5, N/A)-> UJEWSNA040 ->(4.5, 3.35)-> UJPWTIN010 -> [UJP_MESH] -> UJPWMEC010 ->(2.38, 0.64)-> UJEWMEA040 ->(0.5, N/A)-> UJEWMEA030 -> UURWMEA120",7.885,3.99,0.5,1:/k7aigx7XOmGineQd1x5iNMiA/g=,5,True
298,DK_SNANTISC_TX,UURWMEA120,"DK_SNANTISC_TX -> UJEWSNA040 ->(4.5, 3.35)-> UJPWTIN010 -> [UJP_MESH] -> UJPWMEC010 ->(2.38, 0.64)-> UJEWMEA040 ->(0.5, N/A)-> UJEWMEA030 -> UURWMEA120",7.385,3.99,0.0,1:KUf53CYOTNB2WNsSU0UMJOBCUtg=,5,True
299,DK_SOBEND_IN,UURWMEA110,"DK_SOBEND_IN -> UJEWWPA040 ->(0.5, N/A)-> UJEWWPA030 ->(0.5, N/A)-> UJPWWPA010 -> [UJP_MESH] -> UJPWMEC010 ->(2.38, 0.64)-> UJEWMEA040 -> UURWMEA110",3.385,0.64,0.0,1:9ZHlDMdDUsBnxNzkNe/LQ+EMorI=,2,False
300,DK_SOBEND_IN,UURWMEA120,"DK_SOBEND_IN -> UJEWWPA040 ->(0.5, N/A)-> UJEWWPA030 ->(0.5, N/A)-> UJPWWPA010 -> [UJP_MESH] -> UJPWMEC010 ->(2.38, 0.64)-> UJEWMEA040 ->(0.5, N/A)-> UJEWMEA030 -> UURWMEA120",3.885,0.64,0.0,1:LpMBqImFYwx6RkubA/430S/Nqco=,2,False
301,DK_STAGSTNW_FL,UURWMEA110,"DK_STAGSTNW_FL -> UJEWJKV030 ->(6.5, 3.0)-> UJEWBRA030 ->(0.5, N/A)-> UJPWBRA010 -> [UJP_MESH] -> UJPWPNT010 ->(0.73, 0.18)-> UJEWMEA030 ->(0.5, N/A)-> UJEWMEA040 -> UURWMEA110",8.23,3.18,0.0,1:IvtwIP/DR/FWaKsWWTwpWRFlNxQ=,2,False
302,DK_STAGSTNW_FL,UURWMEA120,"DK_STAGSTNW_FL -> UJEWJKV030 ->(6.5, 3.0)-> UJEWBRA030 ->(0.5, N/A)-> UJPWBRA010 -> [UJP_MESH] -> UJPWPNT010 ->(0.73, 0.18)-> UJEWMEA030 -> UURWMEA120",7.73,3.18,0.0,1:D73Wp9qq/YTrAsHQeZcbIq+crG0=,3,False
303,DK_STELNGHT_MI,UURWMEA110,"DK_STELNGHT_MI -> UJEWWPA040 ->(0.5, N/A)-> UJEWWPA030 ->(0.5, N/A)-> UJPWWPA010 -> [UJP_MESH] -> UJPWMEC010 ->(2.38, 0.64)-> UJEWMEA040 -> UURWMEA110",3.385,0.64,0.0,1:BL22SrPnva2CG7EiQI5S0DnGTJY=,2,False
304,DK_STELNGHT_MI,UURWMEA120,"DK_STELNGHT_MI -> UJEWWPA040 ->(0.5, N/A)-> UJEWWPA030 ->(0.5, N/A)-> UJPWWPA010 -> [UJP_MESH] -> UJPWMEC010 ->(2.38, 0.64)-> UJEWMEA040 ->(0.5, N/A)-> UJEWMEA030 -> UURWMEA120",3.885,0.64,0.0,1:MraEm23ZD5TNJybnALiMnn2jmc8=,3,False
305,DK_STERLING_VA,UURWMEA110,"DK_STERLING_VA -> UJEWPNT030 ->(0.5, N/A)-> UJPWPNT010 ->(0.73, 0.18)-> UJEWMEA030 ->(0.5, N/A)-> UJEWMEA040 -> UURWMEA110",1.73,0.18,0.0,1:ViPIyJQQUO/mLNAeCuYl0LFil+Y=,2,False
306,DK_STERLING_VA,UURWMEA120,"DK_STERLING_VA -> UJEWPNT030 ->(0.5, N/A)-> UJPWPNT010 ->(0.73, 0.18)-> UJEWMEA030 -> UURWMEA120",1.23,0.18,0.0,1:QlgxTpkbEWopCgI1XxDwr8AwDq8=,3,False
307,DK_STPRSBG_FL,UURWMEA110,"DK_STPRSBG_FL -> UJEWJKV030 ->(6.5, 3.0)-> UJEWBRA030 ->(0.5, N/A)-> UJPWBRA010 -> [UJP_MESH] -> UJPWPNT010 ->(0.73, 0.18)-> UJEWMEA030 ->(0.5, N/A)-> UJEWMEA040 -> UURWMEA110",8.23,3.18,0.0,1:9kztV412mbucCnMoUfnwKLGWBts=,2,False
308,DK_STPRSBG_FL,UURWMEA120,"DK_STPRSBG_FL -> UJEWJKV030 ->(6.5, 3.0)-> UJEWBRA030 ->(0.5, N/A)-> UJPWBRA010 -> [UJP_MESH] -> UJPWPNT010 ->(0.73, 0.18)-> UJEWMEA030 -> UURWMEA120",7.73,3.18,0.0,1:4BXic4gCNLW1nyLT944A5nDu+0Y=,3,False
309,DK_STRLNGGHT_MI,UURWMEA110,"DK_STRLNGGHT_MI -> UJEWWPA040 ->(0.5, N/A)-> UJEWWPA030 ->(0.5, N/A)-> UJPWWPA010 -> [UJP_MESH] -> UJPWMEC010 ->(2.38, 0.64)-> UJEWMEA040 -> UURWMEA110",3.385,0.64,0.0,1:/jFk1CZMf+A1pWrZjiYczhDIF6g=,2,False
310,DK_STRLNGGHT_MI,UURWMEA120,"DK_STRLNGGHT_MI -> UJEWWPA040 ->(0.5, N/A)-> UJEWWPA030 ->(0.5, N/A)-> UJPWWPA010 -> [UJP_MESH] -> UJPWMEC010 ->(2.38, 0.64)-> UJEWMEA040 ->(0.5, N/A)-> UJEWMEA030 -> UURWMEA120",3.885,0.64,0.0,1:+cByZpdJu5iT8Y3w6MGud9bx8Wo=,3,False
311,DK_STRLNGHT_MI,UURWMEA110,"DK_STRLNGHT_MI -> UJEWWPA040 ->(0.5, N/A)-> UJEWWPA030 ->(0.5, N/A)-> UJPWWPA010 -> [UJP_MESH] -> UJPWMEC010 ->(2.38, 0.64)-> UJEWMEA040 -> UURWMEA110",3.385,0.64,0.0,1:Dq3W6UhV80gIU3ezC4kYX2mLDps=,2,False
312,DK_STRLNGHT_MI,UURWMEA120,"DK_STRLNGHT_MI -> UJEWWPA040 ->(0.5, N/A)-> UJEWWPA030 ->(0.5, N/A)-> UJPWWPA010 -> [UJP_MESH] -> UJPWMEC010 ->(2.38, 0.64)-> UJEWMEA040 ->(0.5, N/A)-> UJEWMEA030 -> UURWMEA120",3.885,0.64,0.0,1:aCW1aBiLbHok4xYQ8jsx50R5VNU=,3,False
313,DK_SUGARGRV_WV,UURWMEA110,"DK_SUGARGRV_WV -> UJEWCHT030 ->(1.5, 0.78)-> UJPWPNT010 ->(0.73, 0.18)-> UJEWMEA030 ->(0.5, N/A)-> UJEWMEA040 -> UURWMEA110",2.73,0.96,0.0,1:BmabY5637lS9mc9Ok+A/l23Y70U=,3,False
314,DK_SUGARGRV_WV,UURWMEA120,"DK_SUGARGRV_WV -> UJEWCHT030 ->(1.5, 0.78)-> UJPWPNT010 ->(0.73, 0.18)-> UJEWMEA030 -> UURWMEA120",2.23,0.96,0.0,1:20fF+kcDuCdI6S3bXbsN+2ZvTzY=,5,False
315,DK_SYRACUSE_NY,UURWMEA110,"DK_SYRACUSE_NY -> UJEWHFI040 ->(8.0, 2.26)-> UJEWMEA040 -> UURWMEA110",8.0,2.26,0.0,1:BSfWfkMKpSM1jVC1YUOXSBi2a7A=,1,False
316,DK_SYRACUSE_NY,UURWMEA120,"DK_SYRACUSE_NY -> UJEWHFI040 ->(8.0, 2.26)-> UJEWMEA040 ->(0.5, N/A)-> UJEWMEA030 -> UURWMEA120",8.5,2.26,0.0,1:+ZuHGHoniAeLM8CmbB3Yk2RIegE=,2,False
317,DK_TAUNTON_MA,UURWMEA110,"DK_TAUNTON_MA -> UJEWMEC030 ->(0.5, N/A)-> UJPWMEC010 ->(2.38, 0.64)-> UJEWMEA040 -> UURWMEA110",2.885,0.64,0.0,1:f8d/63HXvdBNowhgkIdDfFfYILI=,2,False
318,DK_TAUNTON_MA,UURWMEA120,"DK_TAUNTON_MA -> UJEWMEC030 ->(0.5, N/A)-> UJPWMEC010 ->(2.38, 0.64)-> UJEWMEA040 ->(0.5, N/A)-> UJEWMEA030 -> UURWMEA120",3.385,0.64,0.0,1:4QosKto6QAG4o8RKMI2IIGGZud0=,3,False
319,DK_TBYHNNAD_PA,UURWMEA110,"DK_TBYHNNAD_PA -> UJEWTOB040 ->(3.5, 1.29)-> UJEWMEA040 -> UURWMEA110",3.5,1.29,0.0,1:2QeNPZA5hE0jBvCedzyN5vddfGY=,2,False
320,DK_TBYHNNAD_PA,UURWMEA120,"DK_TBYHNNAD_PA -> UJEWTOB040 ->(3.5, 1.29)-> UJEWMEA040 ->(0.5, N/A)-> UJEWMEA030 -> UURWMEA120",4.0,1.29,0.0,1:ic3dFNdsiXmjZOI2k/W8vN2HoEw=,2,False
321,DK_TEWKSBRY_MA,UURWMEA110,"DK_TEWKSBRY_MA -> UJEWMEC030 ->(0.5, N/A)-> UJPWMEC010 ->(2.38, 0.64)-> UJEWMEA040 -> UURWMEA110",2.885,0.64,0.0,1:55rgvNwA7gKj0SxcSy+j4kK3Nvg=,2,False
322,DK_TEWKSBRY_MA,UURWMEA120,"DK_TEWKSBRY_MA -> UJEWMEC030 ->(0.5, N/A)-> UJPWMEC010 ->(2.38, 0.64)-> UJEWMEA040 ->(0.5, N/A)-> UJEWMEA030 -> UURWMEA120",3.385,0.64,0.0,1:Jn4qwM0aVKXGv0S7fMhy61E7q1I=,3,False
323,DK_TINRAFB_OK,OKCIAPREM1,DK_TINRAFB_OK -> UJEWTIN030 -> OKCIAPREM1,0.0,0.0,0.0,1:XaXMi9mT1v4h+GinYXwGPsytpII=,3,False
324,DK_TINRAFB_OK,UURWMEA110,"DK_TINRAFB_OK -> UJEWTIN030 ->(0.5, N/A)-> UJPWTIN010 -> [UJP_MESH] -> UJPWMEC010 ->(2.38, 0.64)-> UJEWMEA040 -> UURWMEA110",2.885,0.64,0.0,1:hpE5aWKrQ5vYuwMEge5ipP9YRdE=,2,True
325,DK_TINRAFB_OK,UURWMEA110,"DK_TINRAFB_OK -> UJEWTIN040 ->(0.5, N/A)-> UJEWTIN030 ->(0.5, N/A)-> UJPWTIN010 -> [UJP_MESH] -> UJPWMEC010 ->(2.38, 0.64)-> UJEWMEA040 -> UURWMEA110",3.385,0.64,0.5,1:N8RUNK+btoP1OtyufGGgRLKIxRQ=,2,True
326,DK_TINRAFB_OK,UURWMEA120,"DK_TINRAFB_OK -> UJEWTIN030 ->(0.5, N/A)-> UJPWTIN010 -> [UJP_MESH] -> UJPWMEC010 ->(2.38, 0.64)-> UJEWMEA040 ->(0.5, N/A)-> UJEWMEA030 -> UURWMEA120",3.385,0.64,0.0,1:EC86CCEIz5yUclj6D8NsfkYKqzs=,5,True
327,DK_TINRAFB_OK,UURWMEA120,"DK_TINRAFB_OK -> UJEWTIN040 ->(0.5, N/A)-> UJEWTIN030 ->(0.5, N/A)-> UJPWTIN010 -> [UJP_MESH] -> UJPWMEC010 ->(2.38, 0.64)-> UJEWMEA040 ->(0.5, N/A)-> UJEWMEA030 -> UURWMEA120",3.885,0.64,0.5,1:PRdNd/M2j6WchkvVb0mBTOKW8kY=,3,True
328,DK_TITUSVLL_FL,UURWMEA110,"DK_TITUSVLL_FL -> UJEWJKV030 ->(6.5, 3.0)-> UJEWBRA030 ->(0.5, N/A)-> UJPWBRA010 -> [UJP_MESH] -> UJPWPNT010 ->(0.73, 0.18)-> UJEWMEA030 ->(0.5, N/A)-> UJEWMEA040 -> UURWMEA110",8.23,3.18,0.0,1:JVQyjNGqfjZhyOGTqFERMdymnLc=,2,False
329,DK_TITUSVLL_FL,UURWMEA120,"DK_TITUSVLL_FL -> UJEWJKV030 ->(6.5, 3.0)-> UJEWBRA030 ->(0.5, N/A)-> UJPWBRA010 -> [UJP_MESH] -> UJPWPNT010 ->(0.73, 0.18)-> UJEWMEA030 -> UURWMEA120",7.73,3.18,0.0,1:HQ90oLTjrqjNcb3b1VYduWXVIQo=,3,False
330,DK_TULSA_OK,UURWMEA110,"DK_TULSA_OK -> UJEWSNA040 ->(4.5, 3.35)-> UJPWTIN010 -> [UJP_MESH] -> UJPWMEC010 ->(2.38, 0.64)-> UJEWMEA040 -> UURWMEA110",6.885,3.99,0.0,1:bq81naOYmkAroRqvLeYgiZSCS9Y=,2,False
331,DK_TULSA_OK,UURWMEA120,"DK_TULSA_OK -> UJEWSNA040 ->(4.5, 3.35)-> UJPWTIN010 -> [UJP_MESH] -> UJPWMEC010 ->(2.38, 0.64)-> UJEWMEA040 ->(0.5, N/A)-> UJEWMEA030 -> UURWMEA120",7.385,3.99,0.0,1:D9GQfyovV81icBAt9TO4foyPxFg=,3,False
332,DK_UNDTMNDL_Z1,UURWMEA110,"DK_UNDTMNDL_Z1 -> UJEWCHM030 ->(0.5, 0.08)-> UJEWCAR030 ->(1.5, 0.58)-> UJPWBCK010 -> [UJP_MESH] -> UJPWMEC010 ->(2.38, 0.64)-> UJEWMEA040 -> UURWMEA110",4.385,1.2999999999999998,1.1549999999999998,1:CDklU+bmnl9F/XJS30fXaI2+77g=,1,True
333,DK_UNDTMNDL_Z1,UURWMEA110,"DK_UNDTMNDL_Z1 -> UJEWCHT040 ->(0.5, N/A)-> UJEWCHT030 ->(1.5, 0.78)-> UJPWPNT010 ->(0.73, 0.18)-> UJEWMEA030 ->(0.5, N/A)-> UJEWMEA040 -> UURWMEA110",3.23,0.96,0.0,1:3CFoQ+/HUzFCm123H+RHBYaF31I=,2,True
334,DK_UNDTMNDL_Z1,UURWMEA120,"DK_UNDTMNDL_Z1 -> UJEWCHM030 ->(0.5, 0.08)-> UJEWCAR030 ->(1.5, 0.58)-> UJPWBCK010 -> [UJP_MESH] -> UJPWMEC010 ->(2.38, 0.64)-> UJEWMEA040 ->(0.5, N/A)-> UJEWMEA030 -> UURWMEA120",4.885,1.2999999999999998,2.155,1:8XYfeBe+aDyLl/4sjij8pBALRr0=,3,True
335,DK_UNDTMNDL_Z1,UURWMEA120,"DK_UNDTMNDL_Z1 -> UJEWCHT040 ->(0.5, N/A)-> UJEWCHT030 ->(1.5, 0.78)-> UJPWPNT010 ->(0.73, 0.18)-> UJEWMEA030 -> UURWMEA120",2.73,0.96,0.0,1:Gjh9G8U0WojTUNickP9FOtlFlH8=,3,True
336,DK_USACEHRM_PA,UURWMEA110,"DK_USACEHRM_PA -> UJEWPHI030 ->(2.0, 0.82)-> UJEWMEA040 -> UURWMEA110",2.0,0.82,0.0,1:/HPXYZEyIJ/lpWso2m/vM3I//gM=,2,False
337,DK_USACEHRM_PA,UURWMEA120,"DK_USACEHRM_PA -> UJEWPHI030 ->(2.0, 0.82)-> UJEWMEA040 ->(0.5, N/A)-> UJEWMEA030 -> UURWMEA120",2.5,0.82,0.0,1:56LYNL6vs52cTQ/NPQX0FGVE6ls=,3,False
338,DK_WACO_TX,UURWMEA110,"DK_WACO_TX -> UJEWSNA040 ->(4.5, 3.35)-> UJPWTIN010 -> [UJP_MESH] -> UJPWMEC010 ->(2.38, 0.64)-> UJEWMEA040 -> UURWMEA110",6.885,3.99,0.0,1:FIb8qCeTHxv/Nn21TW+2yX4Dv6w=,2,False
339,DK_WACO_TX,UURWMEA120,"DK_WACO_TX -> UJEWSNA040 ->(4.5, 3.35)-> UJPWTIN010 -> [UJP_MESH] -> UJPWMEC010 ->(2.38, 0.64)-> UJEWMEA040 ->(0.5, N/A)-> UJEWMEA030 -> UURWMEA120",7.385,3.99,0.0,1:VXNQHM8tz3tvlrAnP/L0d5BgNeM=,3,False
340,DK_WAYNE_NJ,UURWMEA110,"DK_WAYNE_NJ -> UJEWMEC030 ->(0.5, N/A)-> UJPWMEC010 ->(2.38, 0.64)-> UJEWMEA040 -> UURWMEA110",2.885,0.64,0.0,1:eQdj84TJYyigXNGQ9ULJcJgEE3Y=,1,False
341,DK_WAYNE_NJ,UURWMEA120,"DK_WAYNE_NJ -> UJEWMEC030 ->(0.5, N/A)-> UJPWMEC010 ->(2.38, 0.64)-> UJEWMEA040 ->(0.5, N/A)-> UJEWMEA030 -> UURWMEA120",3.385,0.64,0.0,1:AbWAFZzjlf2tYkxzBrqGxnCrJs0=,3,False
342,DK_WESTON_FL,UURWMEA110,"DK_WESTON_FL -> UJEWJKV030 ->(6.5, 3.0)-> UJEWBRA030 ->(0.5, N/A)-> UJPWBRA010 -> [UJP_MESH] -> UJPWPNT010 ->(0.73, 0.18)-> UJEWMEA030 ->(0.5, N/A)-> UJEWMEA040 -> UURWMEA110",8.23,3.18,0.0,1:JwDGPTPCTDzXeZe/JaxOFwPY6RE=,2,False
343,DK_WESTON_FL,UURWMEA120,"DK_WESTON_FL -> UJEWJKV030 ->(6.5, 3.0)-> UJEWBRA030 ->(0.5, N/A)-> UJPWBRA010 -> [UJP_MESH] -> UJPWPNT010 ->(0.73, 0.18)-> UJEWMEA030 -> UURWMEA120",7.73,3.18,0.0,1:DhbgWZwZBZZ3bsy6zV5CtCSw/Ys=,3,False
344,DK_WGHTPAFB_OH,UURWMEA110,"DK_WGHTPAFB_OH -> UJEWWPA030 ->(0.5, N/A)-> UJPWWPA010 -> [UJP_MESH] -> UJPWMEC010 ->(2.38, 0.64)-> UJEWMEA040 -> UURWMEA110",2.885,0.64,0.0,1:LG/fqecdxRYB3xhiigC36JV4GDI=,2,False
345,DK_WGHTPAFB_OH,UURWMEA120,"DK_WGHTPAFB_OH -> UJEWWPA030 ->(0.5, N/A)-> UJPWWPA010 -> [UJP_MESH] -> UJPWMEC010 ->(2.38, 0.64)-> UJEWMEA040 ->(0.5, N/A)-> UJEWMEA030 -> UURWMEA120",3.385,0.64,0.0,1:MaA50U1BQ9j4SmWrSGC70oHXeb0=,3,False
346,DK_WICHITA_KS,UURWMEA110,"DK_WICHITA_KS -> UJEWWPA040 ->(0.5, N/A)-> UJEWWPA030 ->(0.5, N/A)-> UJPWWPA010 -> [UJP_MESH] -> UJPWMEC010 ->(2.38, 0.64)-> UJEWMEA040 -> UURWMEA110",3.385,0.64,0.0,1:oTAgsK4+1JvdoeE5dqcUuSbir0Y=,2,False
347,DK_WICHITA_KS,UURWMEA120,"DK_WICHITA_KS -> UJEWWPA040 ->(0.5, N/A)-> UJEWWPA030 ->(0.5, N/A)-> UJPWWPA010 -> [UJP_MESH] -> UJPWMEC010 ->(2.38, 0.64)-> UJEWMEA040 ->(0.5, N/A)-> UJEWMEA030 -> UURWMEA120",3.885,0.64,0.0,1:H/KUtxPu5UmoAlnh4uqNuOn5rus=,3,False
348,DK_WNDSRLKS_CT,UURWMEA110,"DK_WNDSRLKS_CT -> UJEWPHI030 ->(2.0, 0.82)-> UJEWMEA040 -> UURWMEA110",2.0,0.82,0.0,1:0/P/VmCCGFUUa+ElZZM4c+ykIC0=,2,False
349,DK_WNDSRLKS_CT,UURWMEA120,"DK_WNDSRLKS_CT -> UJEWPHI030 ->(2.0, 0.82)-> UJEWMEA040 ->(0.5, N/A)-> UJEWMEA030 -> UURWMEA120",2.5,0.82,0.0,1:QVo98KNaU+Dpj9XM9Z/XxeNsBhU=,3,False
350,DK_WOBURN_MA,UURWMEA110,"DK_WOBURN_MA -> UJEWHAN030 ->(5.0, 2.98)-> UJEWMEA040 -> UURWMEA110",5.0,2.98,0.0,1:F3nzAd9rFVn15TSVtzgPRAns7QQ=,2,False
351,DK_WOBURN_MA,UURWMEA120,"DK_WOBURN_MA -> UJEWHAN030 ->(5.0, 2.98)-> UJEWMEA040 ->(0.5, N/A)-> UJEWMEA030 -> UURWMEA120",5.5,2.98,0.0,1:4sHJyrkvmqKUmpPSWPnWUULosUw=,3,False
352,DK_YORK_PA,UURWMEA110,"DK_YORK_PA -> UJEWPHI030 ->(2.0, 0.82)-> UJEWMEA040 -> UURWMEA110",2.0,0.82,0.0,1:Ac4OFaEqmEBaEOYqwVfpfGPdu/s=,4,False
353,DK_YORK_PA,UURWMEA120,"DK_YORK_PA -> UJEWPHI030 ->(2.0, 0.82)-> UJEWMEA040 ->(0.5, N/A)-> UJEWMEA030 -> UURWMEA120",2.5,0.82,0.0,1:R8NbNvJrRu57EBNNSYIz2mcZEkA=,6,False
354,DO_NSAMCNCS_PA,UURWMEA110,"DO_NSAMCNCS_PA -> UJEWMEC030 ->(0.5, N/A)-> UJPWMEC010 ->(2.38, 0.64)-> UJEWMEA040 -> UURWMEA110",2.885,0.64,0.0,1:8RbzGmF2hTzBd+j4sx8qK0DKv1Y=,3,False
355,DR_FTBELVOR_VA,UURWMEA110,"DR_FTBELVOR_VA -> UJEWBEL030 ->(0.5, N/A)-> UJPWBEL010 -> [UJP_MESH] -> UJPWPNT010 ->(0.73, 0.18)-> UJEWMEA030 ->(0.5, N/A)-> UJEWMEA040 -> UURWMEA110",1.73,0.18,0.0,1:9ZObIVjln60mDl8uYGWLwr7IFLE=,4,False
356,DR_FTBELVOR_VA,UURWMEA120,"DR_FTBELVOR_VA -> UJEWBEL030 ->(0.5, N/A)-> UJPWBEL010 -> [UJP_MESH] -> UJPWPNT010 ->(0.73, 0.18)-> UJEWMEA030 -> UURWMEA120",1.23,0.18,0.0,1:+AtxMA0F1KjGsiY6KIvjB6EuaUM=,6,False
357,DX_BEASMLSB_GB,UURWMEA110,"DX_BEASMLSB_GB -> UJEEMEN030 ->(2.0, 1.0)-> UJPEETM010 -> [UJP_MESH] -> UJPWMEC010 ->(2.38, 0.64)-> UJEWMEA040 -> UURWMEA110",4.385,1.6400000000000001,0.0,1:Pwb1YWSMggsmW94pvFDqdJWNaPk=,2,False
358,DX_BEASMLSB_GB,UURWMEA120,"DX_BEASMLSB_GB -> UJEEMEN030 ->(2.0, 1.0)-> UJPEETM010 -> [UJP_MESH] -> UJPWMEC010 ->(2.38, 0.64)-> UJEWMEA040 ->(0.5, N/A)-> UJEWMEA030 -> UURWMEA120",4.885,1.6400000000000001,0.0,1:Zds2NoAOevW/dXWTRM1OI/VssBs=,2,False
359,DX_JKSVLNAS_FL,UURWMEA110,"DX_JKSVLNAS_FL -> UJEWJKV030 ->(6.5, 3.0)-> UJEWBRA030 ->(0.5, N/A)-> UJPWBRA010 -> [UJP_MESH] -> UJPWPNT010 ->(0.73, 0.18)-> UJEWMEA030 ->(0.5, N/A)-> UJEWMEA040 -> UURWMEA110",8.23,3.18,0.0,1:D+dijGo6tHFm0MjxDYNPLro6QmQ=,2,False
360,DX_JKSVLNAS_FL,UURWMEA120,"DX_JKSVLNAS_FL -> UJEWJKV030 ->(6.5, 3.0)-> UJEWBRA030 ->(0.5, N/A)-> UJPWBRA010 -> [UJP_MESH] -> UJPWPNT010 ->(0.73, 0.18)-> UJEWMEA030 -> UURWMEA120",7.73,3.18,0.0,1:CXCryJnALglniAf03yKBcOBhiuc=,3,False
361,DX_WYTON_GB,UURWMEA110,"DX_WYTON_GB -> UJEEETM030 ->(0.5, N/A)-> UJPEETM010 -> [UJP_MESH] -> UJPWMEC010 ->(2.38, 0.64)-> UJEWMEA040 -> UURWMEA110",2.885,0.64,0.0,1:4Ky6EkhFenBd2DM6ZiPpYDsYkBE=,2,False
362,DX_WYTON_GB,UURWMEA120,"DX_WYTON_GB -> UJEEETM030 ->(0.5, N/A)-> UJPEETM010 -> [UJP_MESH] -> UJPWMEC010 ->(2.38, 0.64)-> UJEWMEA040 ->(0.5, N/A)-> UJEWMEA030 -> UURWMEA120",3.385,0.64,0.0,1:Ad7167KyhE7c4ljmy2Uw/gW4B4M=,3,False
363,OKCIAPREM1,UURWMEA110,"OKCIAPREM1 -> UJEWTIN030 ->(0.5, N/A)-> UJPWTIN010 -> [UJP_MESH] -> UJPWMEC010 ->(2.38, 0.64)-> UJEWMEA040 -> UURWMEA110",2.885,0.64,0.0,1:2dFISYk1TNIZbkUpjYb4yqDOVQw=,1,False
364,UURWMEA100,UURWMEA110,UURWMEA100 -> UJEWMEA040 -> UURWMEA110,0.0,0.0,0.0,1:gVuAxfSo40fpq09kjfv/483A0fc=,1,False
365,UURWMEA110,D4_MCCLELLN_CA,"UURWMEA110 -> UJEWMEA040 ->(2.5, 0.64)-> UJPWMEC010 -> [UJP_MESH] -> UJPWBEA010 ->(0.34, N/A)-> UJEWBEA030 ->(0.5, N/A)-> UJEWBEA040 -> D4_MCCLELLN_CA",3.3449999999999998,0.64,0.0,1:2bsqjROxtqn7V9yRK7lcgUHIT/w=,2,False
366,UURWMEA110,DA_FTKNOX_KY,"UURWMEA110 -> UJEWMEA040 ->(2.5, 0.64)-> UJPWMEC010 -> [UJP_MESH] -> UJPWWPA010 ->(0.34, N/A)-> UJEWWPA030 ->(0.5, N/A)-> UJEWWPA040 ->(2.0, 1.36)-> UJEWKNO040 ->(0.5, N/A)-> UJEWKNO030 -> DA_FTKNOX_KY",5.835,2.0,0.0,1:eLVfhmAsU7H0y+5G1zbKoHTiTwA=,1,False
367,UURWMEA110,DC_DCMAMVNY_NY,"UURWMEA110 -> UJEWMEA040 ->(2.0, 0.82)-> UJEWPHI030 -> DC_DCMAMVNY_NY",2.0,0.82,0.0,1:dILmYRhOmh/n1Z52xlRNppYP06g=,2,False
368,UURWMEA110,DD_COLUMBUS_OH,"UURWMEA110 -> UJEWMEA040 ->(2.5, 0.64)-> UJPWMEC010 ->(4.97, 2.55)-> UJEWCOL030 ->(0.5, N/A)-> UJEWCOL040 -> DD_COLUMBUS_OH",7.975,3.19,0.0,1:nCD4JVrfwJbAoz8VC8yR+sdPqEI=,1,False
369,UURWMEA110,DD_CRYSLML1_VA,"UURWMEA110 -> UJEWMEA040 ->(0.5, N/A)-> UJEWMEA030 ->(0.5, 0.18)-> UJPWPNT010 ->(0.52, N/A)-> UJEWPNT030 ->(1.0, 0.03)-> UJEWCCY030 -> DD_CRYSLML1_VA",2.52,0.21,0.0,1:3K3NYYPxQKqh/AqKJPQZlxxdkuM=,1,False
370,UURWMEA110,DD_CRYSTLCY_VA,"UURWMEA110 -> UJEWMEA040 ->(0.5, N/A)-> UJEWMEA030 ->(0.5, 0.18)-> UJPWPNT010 ->(0.52, N/A)-> UJEWPNT030 ->(1.0, 0.03)-> UJEWCCY030 ->(0.5, N/A)-> UJEWCCY040 -> DD_CRYSTLCY_VA",3.02,0.21,0.0,1:4vCASBGw+XsjKW9RXrizz9djk5I=,2,False
371,UURWMEA110,DD_FTBELVOR_VA,"UURWMEA110 -> UJEWMEA040 ->(0.5, N/A)-> UJEWMEA030 ->(0.5, 0.18)-> UJPWPNT010 -> [UJP_MESH] -> UJPWBEL010 ->(0.34, N/A)-> UJEWBEL030 -> DD_FTBELVOR_VA",1.345,0.18,0.0,1:2XaIRkEUFNCxEu42Dnch/3qIkxI=,3,True
372,UURWMEA110,DD_FTBELVOR_VA,"UURWMEA110 -> UJEWMEA040 ->(0.5, N/A)-> UJEWMEA030 ->(0.5, 0.18)-> UJPWPNT010 -> [UJP_MESH] -> UJPWBEL010 ->(0.34, N/A)-> UJEWBEL030 ->(0.5, N/A)-> UJEWBEL040 -> DD_FTBELVOR_VA",1.845,0.18,0.5,1:7lXFrPaQhpCOK0TwYYQCu0O9W8Y=,3,True
373,UURWMEA110,DE_ARLINGTN_VA,"UURWMEA110 -> UJEWMEA040 ->(0.5, N/A)-> UJEWMEA030 ->(0.5, 0.18)-> UJPWPNT010 -> [UJP_MESH] -> UJPWBEL010 ->(0.34, N/A)-> UJEWBEL030 ->(0.5, N/A)-> UJEWBEL040 -> DE_ARLINGTN_VA",1.845,0.18,0.0,1:HjANi1UXp5IHBwRjjl9zWyTedMA=,2,False
374,UURWMEA110,DF_BALTIMOR_MD,UURWMEA110 -> UJEWMEA040 -> DF_BALTIMOR_MD,0.0,0.0,0.0,1:+BpdyNiwjku89tsjgT9lOZakEP4=,2,False
375,UURWMEA110,DK_ADDISON_TX,"UURWMEA110 -> UJEWMEA040 ->(2.5, 0.64)-> UJPWMEC010 -> [UJP_MESH] -> UJPWTIN010 ->(5.14, 3.35)-> UJEWSNA040 -> DK_ADDISON_TX",7.645,3.99,0.0,1:b6rKRzppuh7YgywMGgrUKP05qiA=,1,False
376,UURWMEA110,DK_AKRON_OH,"UURWMEA110 -> UJEWMEA040 ->(2.5, 0.64)-> UJPWMEC010 ->(0.34, N/A)-> UJEWMEC030 ->(0.5, N/A)-> UJEWMEC040 -> DK_AKRON_OH",3.34,0.64,0.0,1:Nqzfge0vEu0TmM7NtnRU5pHuDnc=,2,False
377,UURWMEA110,DK_AMARILLO_TX,"UURWMEA110 -> UJEWMEA040 ->(2.5, 0.64)-> UJPWMEC010 -> [UJP_MESH] -> UJPWTIN010 ->(5.14, 3.35)-> UJEWSNA040 -> DK_AMARILLO_TX",7.645,3.99,0.0,1:zXUGcrBW19+gG5D+wrtmS2MMrvA=,1,False
378,UURWMEA110,DK_ANDOVER_MA,"UURWMEA110 -> UJEWMEA040 ->(5.0, 2.98)-> UJEWHAN030 -> DK_ANDOVER_MA",5.0,2.98,0.0,1:jc2WfUtP7EpbPmis/xQ572VIMDc=,2,False
379,UURWMEA110,DK_ANNAPOLS_MD,UURWMEA110 -> UJEWMEA040 -> DK_ANNAPOLS_MD,0.0,0.0,0.0,1:0JOjddCyc4POVNw4/40dVfm4XAI=,3,False
380,UURWMEA110,DK_ARLINGTN_TX,"UURWMEA110 -> UJEWMEA040 ->(2.5, 0.64)-> UJPWMEC010 -> [UJP_MESH] -> UJPWTIN010 ->(5.14, 3.35)-> UJEWSNA040 -> DK_ARLINGTN_TX",7.645,3.99,0.0,1:d7v4EraAUtXzY4KYPk/0bPg+RbQ=,2,False
381,UURWMEA110,DK_ARLNGTNG_VA,UURWMEA110 -> UJEWMEA040 -> DK_ARLNGTNG_VA,0.0,0.0,0.0,1:IrhGgkCksuP3R7ZWG0ZACfbbICA=,2,False
382,UURWMEA110,DK_ASHBURN_VA,"UURWMEA110 -> UJEWMEA040 ->(0.5, N/A)-> UJEWMEA030 ->(0.5, 0.18)-> UJPWPNT010 ->(0.52, N/A)-> UJEWPNT030 ->(0.5, N/A)-> UJEWPNT040 -> DK_ASHBURN_VA",2.02,0.18,0.0,1:+UMIHJznoFvGWs29d97pgjcTrgQ=,139,False
383,UURWMEA110,DK_ASHEVILL_NC,"UURWMEA110 -> UJEWMEA040 ->(0.5, N/A)-> UJEWMEA030 ->(0.5, 0.18)-> UJPWPNT010 -> [UJP_MESH] -> UJPWBRA010 ->(0.38, N/A)-> UJEWBRA030 ->(4.5, 1.72)-> UJEWGOR030 ->(0.5, N/A)-> UJEWGOR040 -> DK_ASHEVILL_NC",6.375,1.9,0.0,1:w6E/d+9vCNkktROgZDzMLGVFNAw=,1,False
384,UURWMEA110,DK_ATLANTA_GA,"UURWMEA110 -> UJEWMEA040 ->(0.5, N/A)-> UJEWMEA030 ->(0.5, 0.18)-> UJPWPNT010 -> [UJP_MESH] -> UJPWBRA010 ->(0.38, N/A)-> UJEWBRA030 ->(4.5, 1.72)-> UJEWGOR030 ->(0.5, N/A)-> UJEWGOR040 -> DK_ATLANTA_GA",6.375,1.9,0.0,1:4foMzRtO36MYfr0bGj6af8dbw+4=,2,False
385,UURWMEA110,DK_AUSTIN_TX,"UURWMEA110 -> UJEWMEA040 ->(2.5, 0.64)-> UJPWMEC010 -> [UJP_MESH] -> UJPWTIN010 ->(5.14, 3.35)-> UJEWSNA040 -> DK_AUSTIN_TX",7.645,3.99,0.0,1:3lpyno3EsyyNRhXAKZYYlfMoH60=,2,False
386,UURWMEA110,DK_BAEGRNLW_NY,"UURWMEA110 -> UJEWMEA040 ->(2.0, 0.82)-> UJEWPHI030 -> DK_BAEGRNLW_NY",2.0,0.82,0.0,1:IcV4xJ0DWQDxdIoSrT3YNNC4GIA=,2,False
387,UURWMEA110,DK_BEALAFB_CA,"UURWMEA110 -> UJEWMEA040 ->(2.5, 0.64)-> UJPWMEC010 -> [UJP_MESH] -> UJPWBEA010 ->(0.34, N/A)-> UJEWBEA030 ->(0.5, N/A)-> UJEWBEA040 -> DK_BEALAFB_CA",3.3449999999999998,0.64,0.0,1:qeYDU3MgOcaHuEclJf/a5w1pN74=,2,False
388,UURWMEA110,DK_BLOOMFLD_CT,"UURWMEA110 -> UJEWMEA040 ->(2.0, 0.82)-> UJEWPHI030 -> DK_BLOOMFLD_CT",2.0,0.82,0.0,1:glf/OGzV/ZYAZXGsBW3UF2nCqks=,2,False
389,UURWMEA110,DK_CAMBRIDG_MA,"UURWMEA110 -> UJEWMEA040 ->(2.5, 0.64)-> UJPWMEC010 ->(0.34, N/A)-> UJEWMEC030 -> DK_CAMBRIDG_MA",2.84,0.64,0.0,1:7GInO/cCJQ8ZQIuo0wGez//EVaw=,2,False
390,UURWMEA110,DK_CAMDEN_AR,"UURWMEA110 -> UJEWMEA040 ->(2.5, 0.64)-> UJPWMEC010 -> [UJP_MESH] -> UJPWTIN010 ->(5.14, 3.35)-> UJEWSNA040 -> DK_CAMDEN_AR",7.645,3.99,0.0,1:EQSECLyjpnTCk7Nw5Yj6/0TyyjI=,2,False
391,UURWMEA110,DK_CAMDEN_NJ,"UURWMEA110 -> UJEWMEA040 ->(2.0, 0.82)-> UJEWPHI030 -> DK_CAMDEN_NJ",2.0,0.82,0.0,1:BIR2QvbhqVQYVwN4auQYhF6rxWM=,2,False
392,UURWMEA110,DK_CCKYSVLL_MD,UURWMEA110 -> UJEWMEA040 -> DK_CCKYSVLL_MD,0.0,0.0,0.0,1:c3+IHXtpV0scKBImKN1N2ACuDeo=,2,False
393,UURWMEA110,DK_CEDRRPDS_IA,"UURWMEA110 -> UJEWMEA040 ->(2.5, 0.64)-> UJPWMEC010 -> [UJP_MESH] -> UJPWWPA010 ->(0.34, N/A)-> UJEWWPA030 ->(0.5, N/A)-> UJEWWPA040 -> DK_CEDRRPDS_IA",3.335,0.64,0.0,1:BbhA71dgXwgoNDP+G+I8TCLnyFU=,2,False
394,UURWMEA110,DK_CHANTLLY_VA,UURWMEA110 -> UJEWMEA040 -> DK_CHANTLLY_VA,0.0,0.0,0.0,1:YVcFKQzdoeJ++Wz/xyZrhIBlD0Y=,2,False
395,UURWMEA110,DK_CHICOPEE_MA,"UURWMEA110 -> UJEWMEA040 ->(5.0, 2.98)-> UJEWHAN030 -> DK_CHICOPEE_MA",5.0,2.98,0.0,1:OvpHdGgJ+2ToSbNVmeGTflkxstE=,2,False
396,UURWMEA110,DK_CINCINNT_OH,"UURWMEA110 -> UJEWMEA040 ->(2.5, 0.64)-> UJPWMEC010 -> [UJP_MESH] -> UJPWWPA010 ->(0.34, N/A)-> UJEWWPA030 ->(0.5, N/A)-> UJEWWPA040 ->(2.0, 1.36)-> UJEWKNO040 ->(0.5, N/A)-> UJEWKNO030 -> DK_CINCINNT_OH",5.835,2.0,0.0,1:Bmqds0veGwKR+Jh5xL+0NeN6FkQ=,3,False
397,UURWMEA110,DK_CLAYKSRN_DE,"UURWMEA110 -> UJEWMEA040 ->(0.5, N/A)-> UJEWMEA030 ->(0.5, 0.18)-> UJPWPNT010 -> [UJP_MESH] -> UJPEWBM010 ->(0.28, N/A)-> UJEEWBM030 -> DK_CLAYKSRN_DE",1.285,0.18,0.0,1:1Ww/Nx5Bs2ou09NYV3Pv7Kl3+PE=,3,False
398,UURWMEA110,DK_CLEARWTR_FL,"UURWMEA110 -> UJEWMEA040 ->(0.5, N/A)-> UJEWMEA030 ->(0.5, 0.18)-> UJPWPNT010 -> [UJP_MESH] -> UJPWBRA010 ->(0.38, N/A)-> UJEWBRA030 ->(4.5, 1.72)-> UJEWGOR030 ->(0.5, N/A)-> UJEWGOR040 -> DK_CLEARWTR_FL",6.375,1.9,0.0,1:gX+X4JjRzGA9AYfDDtahWNOZsRw=,1,False
399,UURWMEA110,DK_CLEVELND_OH,"UURWMEA110 -> UJEWMEA040 ->(2.5, 0.64)-> UJPWMEC010 -> [UJP_MESH] -> UJPWWPA010 ->(0.34, N/A)-> UJEWWPA030 ->(0.5, N/A)-> UJEWWPA040 ->(2.0, 1.36)-> UJEWKNO040 ->(0.5, N/A)-> UJEWKNO030 -> DK_CLEVELND_OH",5.835,2.0,0.0,1:krfEHLLMd61IR1HmezAOJnhi10w=,2,False
400,UURWMEA110,DK_CLIFTON_NJ,"UURWMEA110 -> UJEWMEA040 ->(2.5, 0.64)-> UJPWMEC010 ->(0.34, N/A)-> UJEWMEC030 -> DK_CLIFTON_NJ",2.84,0.64,0.0,1:D50WTnn/eP4z+5YnGvCQ375j/U0=,2,False
401,UURWMEA110,DK_COLUMBUS_OH,"UURWMEA110 -> UJEWMEA040 ->(2.5, 0.64)-> UJPWMEC010 ->(4.97, 2.55)-> UJEWCOL030 -> DK_COLUMBUS_OH",7.475,3.19,0.0,1:pmB20EdRIkO30MqENEwhY3yvkzs=,3,True
402,UURWMEA110,DK_COLUMBUS_OH,"UURWMEA110 -> UJEWMEA040 ->(2.5, 0.64)-> UJPWMEC010 ->(4.97, 2.55)-> UJEWCOL030 ->(0.5, N/A)-> UJEWCOL040 -> DK_COLUMBUS_OH",7.975,3.19,0.5,1:0RLbdKZ99i5EgH889TVXwGuZb0U=,3,True
403,UURWMEA110,DK_CORAOPLS_PA,"UURWMEA110 -> UJEWMEA040 ->(2.5, 0.64)-> UJPWMEC010 ->(0.34, N/A)-> UJEWMEC030 -> DK_CORAOPLS_PA",2.84,0.64,0.0,1:/HjKUTPGxVsw11Zvq/RM90SRqpo=,2,False
404,UURWMEA110,DK_CRANSTON_RI,"UURWMEA110 -> UJEWMEA040 ->(2.5, 0.64)-> UJPWMEC010 ->(0.34, N/A)-> UJEWMEC030 -> DK_CRANSTON_RI",2.84,0.64,0.0,1:0+ZdQzkDggYf5Hrj7Zl83vI91is=,2,False
405,UURWMEA110,DK_CRESTVIW_FL,"UURWMEA110 -> UJEWMEA040 ->(0.5, N/A)-> UJEWMEA030 ->(0.5, 0.18)-> UJPWPNT010 -> [UJP_MESH] -> UJPWBRA010 ->(0.38, N/A)-> UJEWBRA030 ->(6.5, 3.0)-> UJEWJKV030 -> DK_CRESTVIW_FL",7.875,3.18,0.0,1:1bMZRfXbmmh61sxUQnC3hr4txBw=,2,False
406,UURWMEA110,DK_DALLAS_TX,"UURWMEA110 -> UJEWMEA040 ->(2.5, 0.64)-> UJPWMEC010 -> [UJP_MESH] -> UJPWTIN010 ->(5.14, 3.35)-> UJEWSNA040 -> DK_DALLAS_TX",7.645,3.99,0.0,1:A4Ful7EJe9IvZJrOGWLnINPu6S8=,2,False
407,UURWMEA110,DK_DCFBRCTR_NJ,"UURWMEA110 -> UJEWMEA040 ->(2.0, 0.82)-> UJEWPHI030 -> DK_DCFBRCTR_NJ",2.0,0.82,0.0,1:jMMXc3eu2nS4Z2IhU6mF32oONw8=,2,False
408,UURWMEA110,DK_DCMABLDN_NV,"UURWMEA110 -> UJEWMEA040 ->(2.5, 0.64)-> UJPWMEC010 -> [UJP_MESH] -> UJPWBEA010 ->(0.34, N/A)-> UJEWBEA030 ->(0.5, N/A)-> UJEWBEA040 -> DK_DCMABLDN_NV",3.3449999999999998,0.64,0.0,1:E3mRsgQUFkNRIYg3QQHZ5T2H7+8=,2,False
409,UURWMEA110,DK_DCMAEAPW_CT,"UURWMEA110 -> UJEWMEA040 ->(5.0, 2.98)-> UJEWHAN030 -> DK_DCMAEAPW_CT",5.0,2.98,0.0,1:KhMCsiybRcUoM3Rw9+0FC8hQBkY=,2,False
410,UURWMEA110,DK_DCMAPWNW_ME,"UURWMEA110 -> UJEWMEA040 ->(2.0, 0.82)-> UJEWPHI030 -> DK_DCMAPWNW_ME",2.0,0.82,0.0,1:ClcU1ecNBcJLwIC86jqu7EX55IU=,2,False
411,UURWMEA110,DK_DCMAVRGN_VT,"UURWMEA110 -> UJEWMEA040 ->(2.5, 0.64)-> UJPWMEC010 ->(0.34, N/A)-> UJEWMEC030 -> DK_DCMAVRGN_VT",2.84,0.64,0.0,1:3aSFXdcZUQcsbGBQI+ig27tYgbA=,2,False
412,UURWMEA110,DK_DDCSSQHN_PA,"UURWMEA110 -> UJEWMEA040 ->(3.0, 0.63)-> UJEWNCL040 ->(0.5, N/A)-> UJEWNCL030 -> DK_DDCSSQHN_PA",3.5,0.63,0.0,1:0lrXDZzGQfIn9cQiN3l6zCzlfV8=,2,False
413,UURWMEA110,DK_DECATUR_AL,"UURWMEA110 -> UJEWMEA040 ->(0.5, N/A)-> UJEWMEA030 ->(0.5, 0.18)-> UJPWPNT010 -> [UJP_MESH] -> UJPWBRA010 ->(0.38, N/A)-> UJEWBRA030 ->(4.5, 1.72)-> UJEWGOR030 ->(0.5, N/A)-> UJEWGOR040 -> DK_DECATUR_AL",6.375,1.9,0.0,1:F/TZHd/5UFYE0Z+UiHTXkWfnnVw=,2,False
414,UURWMEA110,DK_EARLENWS_NJ,"UURWMEA110 -> UJEWMEA040 ->(5.0, 2.98)-> UJEWHAN030 -> DK_EARLENWS_NJ",5.0,2.98,0.0,1:XhinrYyXiBDgZOkWxCw6ve7CupE=,2,False
415,UURWMEA110,DK_EAURORA_NY,"UURWMEA110 -> UJEWMEA040 ->(2.5, 0.64)-> UJPWMEC010 ->(0.34, N/A)-> UJEWMEC030 -> DK_EAURORA_NY",2.84,0.64,0.0,1:ANey5epTKDk96RUgQqxOmM/3rbg=,1,False
416,UURWMEA110,DK_EGLINAFB_FL,"UURWMEA110 -> UJEWMEA040 ->(0.5, N/A)-> UJEWMEA030 ->(0.5, 0.18)-> UJPWPNT010 -> [UJP_MESH] -> UJPWEGL010 ->(0.33, N/A)-> UJEWEGL030 -> DK_EGLINAFB_FL",1.33,0.18,0.0,1:2Biw49peyLF58D9zQF1QXPHsgfc=,2,False
417,UURWMEA110,DK_EMTJBNFC_IN,"UURWMEA110 -> UJEWMEA040 ->(2.5, 0.64)-> UJPWMEC010 -> [UJP_MESH] -> UJPWWPA010 ->(0.34, N/A)-> UJEWWPA030 ->(N/A, 0.84)-> UJEWIND030 ->(0.5, N/A)-> UJEWIND040 -> DK_EMTJBNFC_IN",3.335,1.48,0.0,1:PJsQTHISIZj80b6cLjAbaBd+iRE=,2,False
418,UURWMEA110,DK_ENDICOTT_NY,"UURWMEA110 -> UJEWMEA040 ->(2.0, 0.82)-> UJEWPHI030 -> DK_ENDICOTT_NY",2.0,0.82,0.0,1:4LDUZQjQKSgojSkhvVaBzyrxzNM=,2,True
419,UURWMEA110,DK_ENDICOTT_NY,"UURWMEA110 -> UJEWMEA040 ->(2.5, 0.64)-> UJPWMEC010 ->(0.34, N/A)-> UJEWMEC030 -> DK_ENDICOTT_NY",2.84,0.64,0.8399999999999999,1:99M42UfxFuTauajmOwtMIfqtotI=,2,True
420,UURWMEA110,DK_FAIRFILD_CA,"UURWMEA110 -> UJEWMEA040 ->(2.5, 0.64)-> UJPWMEC010 -> [UJP_MESH] -> UJPWBEA010 ->(0.34, N/A)-> UJEWBEA030 ->(0.5, N/A)-> UJEWBEA040 -> DK_FAIRFILD_CA",3.3449999999999998,0.64,0.0,1:GvicxiuiG2tdNlQqlXEFYEFCMW0=,2,False
421,UURWMEA110,DK_FARMNGDL_NY,"UURWMEA110 -> UJEWMEA040 ->(2.0, 0.82)-> UJEWPHI030 -> DK_FARMNGDL_NY",2.0,0.82,0.0,1:Igtwt05UY0Ccq857sgt39W92hxw=,2,False
422,UURWMEA110,DK_FLSCHRCH_VA,"UURWMEA110 -> UJEWMEA040 ->(0.5, N/A)-> UJEWMEA030 ->(0.5, 0.18)-> UJPWPNT010 ->(0.52, N/A)-> UJEWPNT030 -> DK_FLSCHRCH_VA",1.52,0.18,0.0,1:Lpu39EJTkpdd2XQbMycOEB3LGTA=,2,False
423,UURWMEA110,DK_FTBLISS_TX,"UURWMEA110 -> UJEWMEA040 ->(2.5, 0.64)-> UJPWMEC010 -> [UJP_MESH] -> UJPWTIN010 ->(5.14, 3.35)-> UJEWSNA040 ->(5.0, 3.99)-> UJEWBLI040 ->(0.5, N/A)-> UJEWBLI030 -> DK_FTBLISS_TX",13.145,7.98,0.0,1:OtFv7lI1RHvlmo+hGsMGv2c/BkQ=,2,False
424,UURWMEA110,DK_FTEUSTIS_VA,"UURWMEA110 -> UJEWMEA040 ->(0.5, N/A)-> UJEWMEA030 ->(0.5, 0.18)-> UJPWPNT010 ->(2.73, 0.98)-> UJEWEUS040 -> DK_FTEUSTIS_VA",3.735,1.16,0.0,1:CUy3po9ApDJNM1MzivXwc9hlmdE=,2,False
425,UURWMEA110,DK_FTGRGADM_VA,"UURWMEA110 -> UJEWMEA040 ->(0.5, N/A)-> UJEWMEA030 ->(0.5, 0.18)-> UJPWPNT010 -> [UJP_MESH] -> UJPWBEL010 ->(0.34, N/A)-> UJEWBEL030 ->(2.0, 0.81)-> UJEWLEE030 -> DK_FTGRGADM_VA",3.3449999999999998,0.99,0.0,1:DgZv5nCoxq0Jj/gOgsrzkx0K6x8=,3,True
426,UURWMEA110,DK_FTGRGADM_VA,"UURWMEA110 -> UJEWMEA040 ->(0.5, N/A)-> UJEWMEA030 ->(0.5, 0.18)-> UJPWPNT010 -> [UJP_MESH] -> UJPWBEL010 ->(0.34, N/A)-> UJEWBEL030 ->(2.0, 0.81)-> UJEWLEE030 ->(0.5, N/A)-> UJEWLEE040 -> DK_FTGRGADM_VA",3.8449999999999998,0.99,0.5,1:KNv/1ZfgsC5M3yqSh8o7SMrmGfw=,2,True
427,UURWMEA110,DK_FTHUACHC_AZ,"UURWMEA110 -> UJEWMEA040 ->(2.5, 0.64)-> UJPWMEC010 -> [UJP_MESH] -> UJPWBCK010 ->(1.92, 0.58)-> UJEWCAR030 ->(0.5, N/A)-> UJEWCAR040 ->(9.5, 4.7)-> UJEWHUA040 -> DK_FTHUACHC_AZ",14.415,5.92,0.0,1:I+dZidbkxTX0IRpusgF4XClejyg=,3,True
428,UURWMEA110,DK_FTHUACHC_AZ,"UURWMEA110 -> UJEWMEA040 ->(2.5, 0.64)-> UJPWMEC010 -> [UJP_MESH] -> UJPWBCK010 ->(1.92, 0.58)-> UJEWCAR030 ->(0.5, N/A)-> UJEWCAR040 ->(9.5, 4.7)-> UJEWHUA040 ->(0.5, N/A)-> UJEWHUA030 -> DK_FTHUACHC_AZ",14.915,5.92,0.5,1:17BmqXqohuRNyhW5nK1IlAwqNOo=,3,True
429,UURWMEA110,DK_FTKNOX_KY,"UURWMEA110 -> UJEWMEA040 ->(2.5, 0.64)-> UJPWMEC010 -> [UJP_MESH] -> UJPWWPA010 ->(0.34, N/A)-> UJEWWPA030 ->(0.5, N/A)-> UJEWWPA040 ->(2.0, 1.36)-> UJEWKNO040 ->(0.5, N/A)-> UJEWKNO030 -> DK_FTKNOX_KY",5.835,2.0,0.0,1:X9UmLh1C6VQpmRn4I7asDyandOc=,2,False
430,UURWMEA110,DK_FTSMHSTN_TX,"UURWMEA110 -> UJEWMEA040 ->(2.5, 0.64)-> UJPWMEC010 -> [UJP_MESH] -> UJPWTIN010 ->(0.35, N/A)-> UJEWTIN030 ->(0.5, N/A)-> UJEWTIN040 ->(5.0, 3.36)-> UJEWSHO040 -> DK_FTSMHSTN_TX",8.35,4.0,0.0,1:8rA4q/CYCD1zulRE/Uvqc8bXK8w=,2,False
431,UURWMEA110,DK_FTWAYNE_IN,"UURWMEA110 -> UJEWMEA040 ->(2.5, 0.64)-> UJPWMEC010 -> [UJP_MESH] -> UJPWWPA010 ->(0.34, N/A)-> UJEWWPA030 ->(0.5, N/A)-> UJEWWPA040 -> DK_FTWAYNE_IN",3.335,0.64,0.0,1:4FbJlPkbnkFOEjJR931xbyVsv9M=,2,False
432,UURWMEA110,DK_FTWORTH_TX,"UURWMEA110 -> UJEWMEA040 ->(2.5, 0.64)-> UJPWMEC010 -> [UJP_MESH] -> UJPWTIN010 ->(5.14, 3.35)-> UJEWSNA040 -> DK_FTWORTH_TX",7.645,3.99,0.0,1:NXzqWsvePGfTJ7687rT622LjApU=,4,False
433,UURWMEA110,DK_FT_WORTH_TX,"UURWMEA110 -> UJEWMEA040 ->(2.5, 0.64)-> UJPWMEC010 -> [UJP_MESH] -> UJPWTIN010 ->(5.14, 3.35)-> UJEWSNA040 -> DK_FT_WORTH_TX",7.645,3.99,0.0,1:hQnfnPr6sCZK12k7vfSABfb/NNg=,2,False
434,UURWMEA110,DK_GREENSBR_NC,"UURWMEA110 -> UJEWMEA040 ->(0.5, N/A)-> UJEWMEA030 ->(0.5, 0.18)-> UJPWPNT010 -> [UJP_MESH] -> UJPWBRA010 ->(0.38, N/A)-> UJEWBRA030 ->(4.5, 1.72)-> UJEWGOR030 ->(0.5, N/A)-> UJEWGOR040 -> DK_GREENSBR_NC",6.375,1.9,0.0,1:4C1tmjI1Fj1OdCkpqqsceL7x2NE=,2,False
435,UURWMEA110,DK_GREENVLL_SC,"UURWMEA110 -> UJEWMEA040 ->(0.5, N/A)-> UJEWMEA030 ->(0.5, 0.18)-> UJPWPNT010 -> [UJP_MESH] -> UJPWBRA010 ->(0.38, N/A)-> UJEWBRA030 ->(6.5, 3.0)-> UJEWJKV030 -> DK_GREENVLL_SC",7.875,3.18,0.0,1:e6R6QU3oGa9Zei4YZSTb5d+GxX0=,2,False
436,UURWMEA110,DK_GREENVLL_TX,"UURWMEA110 -> UJEWMEA040 ->(2.5, 0.64)-> UJPWMEC010 -> [UJP_MESH] -> UJPWTIN010 ->(5.14, 3.35)-> UJEWSNA040 -> DK_GREENVLL_TX",7.645,3.99,0.0,1:8JE1fO4YrVVoo8KmDyPReG+8eDk=,2,False
437,UURWMEA110,DK_GRPRAIRI_TX,"UURWMEA110 -> UJEWMEA040 ->(2.5, 0.64)-> UJPWMEC010 -> [UJP_MESH] -> UJPWTIN010 ->(5.14, 3.35)-> UJEWSNA040 -> DK_GRPRAIRI_TX",7.645,3.99,0.0,1:IszIyvBplUxMsef/J6rnf1no9uc=,3,False
438,UURWMEA110,DK_GRRAPIDS_MI,"UURWMEA110 -> UJEWMEA040 ->(2.5, 0.64)-> UJPWMEC010 -> [UJP_MESH] -> UJPWWPA010 ->(0.34, N/A)-> UJEWWPA030 ->(0.5, N/A)-> UJEWWPA040 -> DK_GRRAPIDS_MI",3.335,0.64,0.0,1:HT1uwLBkQ4SG14d2LXgyxnfV2Kc=,2,False
439,UURWMEA110,DK_HARTFORD_CT,"UURWMEA110 -> UJEWMEA040 ->(5.0, 2.98)-> UJEWHAN030 -> DK_HARTFORD_CT",5.0,2.98,0.0,1:nQvkUrAth9XESHvvCx94+sDAoAk=,2,False
440,UURWMEA110,DK_HILLAFB_UT,"UURWMEA110 -> UJEWMEA040 ->(2.5, 0.64)-> UJPWMEC010 -> [UJP_MESH] -> UJPWBCK010 ->(N/A, 3.14)-> UJEWHIL140 -> DK_HILLAFB_UT",2.5,3.7800000000000002,0.0,1:KaedR30oTkF/dbgfAwuem8MIXTk=,3,False
441,UURWMEA110,DK_HNSCMAFB_MA,"UURWMEA110 -> UJEWMEA040 ->(5.0, 2.98)-> UJEWHAN030 -> DK_HNSCMAFB_MA",5.0,2.98,0.0,1:HuSSUSfQbjqGdsPoCynh6hUlgfQ=,2,False
442,UURWMEA110,DK_HOLLISTR_CA,"UURWMEA110 -> UJEWMEA040 ->(2.5, 0.64)-> UJPWMEC010 -> [UJP_MESH] -> UJPWBEA010 ->(0.34, N/A)-> UJEWBEA030 ->(0.5, N/A)-> UJEWBEA040 -> DK_HOLLISTR_CA",3.3449999999999998,0.64,0.0,1:Ki5rRoECFZIJqkFwAzGY+60W3H4=,2,False
443,UURWMEA110,DK_HOUSTON_TX,"UURWMEA110 -> UJEWMEA040 ->(2.5, 0.64)-> UJPWMEC010 -> [UJP_MESH] -> UJPWTIN010 ->(5.14, 3.35)-> UJEWSNA040 -> DK_HOUSTON_TX",7.645,3.99,0.0,1:mD69FqjSPMcFiPaW3FKjkbJbjJY=,2,False
444,UURWMEA110,DK_HUDSON_NH,"UURWMEA110 -> UJEWMEA040 ->(5.0, 2.98)-> UJEWHAN030 -> DK_HUDSON_NH",5.0,2.98,0.0,1:8FeX9MVCIIFekJpH0dJmfGW+0cw=,2,False
445,UURWMEA110,DK_HUNTSVLL_AL,"UURWMEA110 -> UJEWMEA040 ->(0.5, N/A)-> UJEWMEA030 ->(0.5, 0.18)-> UJPWPNT010 -> [UJP_MESH] -> UJPWBRA010 ->(0.38, N/A)-> UJEWBRA030 ->(4.5, 1.72)-> UJEWGOR030 ->(0.5, N/A)-> UJEWGOR040 -> DK_HUNTSVLL_AL",6.375,1.9,0.0,1:/3sGiCsA1st6x7yg9OoX6uSTKTU=,2,False
446,UURWMEA110,DK_INDINPLS_IN,"UURWMEA110 -> UJEWMEA040 ->(2.5, 0.64)-> UJPWMEC010 -> [UJP_MESH] -> UJPWWPA010 ->(0.34, N/A)-> UJEWWPA030 ->(0.5, N/A)-> UJEWWPA040 -> DK_INDINPLS_IN",3.335,0.64,0.5,1:PlIjUzpjZM7UzTS4gwog2eiPLGU=,2,True
447,UURWMEA110,DK_INDINPLS_IN,"UURWMEA110 -> UJEWMEA040 ->(2.5, 0.64)-> UJPWMEC010 -> [UJP_MESH] -> UJPWWPA010 ->(0.34, N/A)-> UJEWWPA030 ->(N/A, 0.84)-> UJEWIND030 -> DK_INDINPLS_IN",2.835,1.48,0.0,1:nUU5yBExWrVkkbJiXBlsTWwABv0=,2,True
448,UURWMEA110,DK_JOHNSTWN_PA,"UURWMEA110 -> UJEWMEA040 ->(2.5, 0.64)-> UJPWMEC010 ->(0.34, N/A)-> UJEWMEC030 -> DK_JOHNSTWN_PA",2.84,0.64,0.0,1:7TXSqPnx01uh9Nay13ZTXPVB4wU=,4,False
449,UURWMEA110,DK_JUPITER_FL,"UURWMEA110 -> UJEWMEA040 ->(0.5, N/A)-> UJEWMEA030 ->(0.5, 0.18)-> UJPWPNT010 -> [UJP_MESH] -> UJPWBRA010 ->(0.38, N/A)-> UJEWBRA030 ->(6.5, 3.0)-> UJEWJKV030 -> DK_JUPITER_FL",7.875,3.18,0.0,1:6qYTM7LcBLs2L+hXiObrsL/LNlo=,2,False
450,UURWMEA110,DK_KELLEYBK_XX,"UURWMEA110 -> UJEWMEA040 ->(0.5, N/A)-> UJEWMEA030 ->(0.5, 0.18)-> UJPWPNT010 -> [UJP_MESH] -> UJPEPTM010 ->(0.6, 0.04)-> UJEEKLB040 ->(0.5, N/A)-> UJEEKLB030 -> DK_KELLEYBK_XX",2.1,0.22,0.0,1:7j0I1BW5dCBRqNDsxZ4HoDlTJ7M=,2,False
451,UURWMEA110,DK_KENTWOOD_MI,"UURWMEA110 -> UJEWMEA040 ->(2.5, 0.64)-> UJPWMEC010 -> [UJP_MESH] -> UJPWWPA010 ->(0.34, N/A)-> UJEWWPA030 ->(0.5, N/A)-> UJEWWPA040 -> DK_KENTWOOD_MI",3.335,0.64,0.0,1:YtleZBvQwwu7ieYC1Un1y7MtT+I=,2,False
452,UURWMEA110,DK_KEYSER_WV,"UURWMEA110 -> UJEWMEA040 ->(2.5, 0.64)-> UJPWMEC010 -> [UJP_MESH] -> UJPWWPA010 ->(0.34, N/A)-> UJEWWPA030 ->(0.5, N/A)-> UJEWWPA040 ->(2.0, 1.36)-> UJEWKNO040 ->(0.5, N/A)-> UJEWKNO030 -> DK_KEYSER_WV",5.835,2.0,0.0,1:XgqxorqEBiDqM+ntYCOFh/wPeK0=,1,False
453,UURWMEA110,DK_KNDYSPCN_FL,"UURWMEA110 -> UJEWMEA040 ->(0.5, N/A)-> UJEWMEA030 ->(0.5, 0.18)-> UJPWPNT010 -> [UJP_MESH] -> UJPWBRA010 ->(0.38, N/A)-> UJEWBRA030 ->(6.5, 3.0)-> UJEWJKV030 -> DK_KNDYSPCN_FL",7.875,3.18,0.0,1:UPmh9jmUlmeeQzNZCOgqxWNjsIA=,2,False
454,UURWMEA110,DK_KNGOFPRS_PA,"UURWMEA110 -> UJEWMEA040 ->(2.5, 0.64)-> UJPWMEC010 ->(0.34, N/A)-> UJEWMEC030 -> DK_KNGOFPRS_PA",2.84,0.64,0.0,1:DmjnN7Vimu3SCMV7RR/mpkVdgCM=,2,False
455,UURWMEA110,DK_KTLNDAFB_NM,"UURWMEA110 -> UJEWMEA040 ->(2.5, 0.64)-> UJPWMEC010 -> [UJP_MESH] -> UJPWBCK010 ->(1.92, 0.58)-> UJEWCAR030 ->(0.5, N/A)-> UJEWCAR040 ->(3.5, 2.18)-> UJEWKIR030 -> DK_KTLNDAFB_NM",8.415,3.4000000000000004,0.0,1:rop4GmWjOAoEevXBgihaoEpcGJ0=,2,False
456,UURWMEA110,DK_LANDSDALE_PA,"UURWMEA110 -> UJEWMEA040 ->(2.0, 0.82)-> UJEWPHI030 -> DK_LANDSDALE_PA",2.0,0.82,0.0,1:LWjXThMb00VWPxdYzyVNXvLjYD4=,2,False
457,UURWMEA110,DK_LARGO_FL,"UURWMEA110 -> UJEWMEA040 ->(0.5, N/A)-> UJEWMEA030 ->(0.5, 0.18)-> UJPWPNT010 -> [UJP_MESH] -> UJPWBRA010 ->(0.38, N/A)-> UJEWBRA030 ->(6.5, 3.0)-> UJEWJKV030 -> DK_LARGO_FL",7.875,3.18,0.0,1:DJ9K2Ec+jL0eBuC8dqsKKyu02pk=,2,False
458,UURWMEA110,DK_LEXINGTN_KY,"UURWMEA110 -> UJEWMEA040 ->(0.5, N/A)-> UJEWMEA030 ->(0.5, 0.18)-> UJPWPNT010 ->(0.52, N/A)-> UJEWPNT030 -> DK_LEXINGTN_KY",1.52,0.18,0.0,1:TmdN5T2rZgVnROrAYENFkjBt6Qg=,1,False
459,UURWMEA110,DK_LIMA_OH,"UURWMEA110 -> UJEWMEA040 ->(2.5, 0.64)-> UJPWMEC010 -> [UJP_MESH] -> UJPWWPA010 ->(0.34, N/A)-> UJEWWPA030 ->(0.5, N/A)-> UJEWWPA040 ->(2.0, 1.36)-> UJEWKNO040 ->(0.5, N/A)-> UJEWKNO030 -> DK_LIMA_OH",5.835,2.0,0.0,1:8J6stuCUZ9m/p3tojNEfrF0TaEM=,2,False
460,UURWMEA110,DK_LIVERPOL_NY,"UURWMEA110 -> UJEWMEA040 ->(2.0, 0.82)-> UJEWPHI030 -> DK_LIVERPOL_NY",2.0,0.82,0.0,1:ESr68UzXxfpV1BO8a1uPUYVsVnM=,2,False
461,UURWMEA110,DK_LNTHCMHT_MD,UURWMEA110 -> UJEWMEA040 -> DK_LNTHCMHT_MD,0.0,0.0,0.0,1:T6wObPjFHoRpkOH7413OPw7MKl0=,2,False
462,UURWMEA110,DK_LOUISVLL_KY,"UURWMEA110 -> UJEWMEA040 ->(2.5, 0.64)-> UJPWMEC010 -> [UJP_MESH] -> UJPWWPA010 ->(0.34, N/A)-> UJEWWPA030 ->(0.5, N/A)-> UJEWWPA040 ->(2.0, 1.36)-> UJEWKNO040 ->(0.5, N/A)-> UJEWKNO030 -> DK_LOUISVLL_KY",5.835,2.0,0.0,1:geP2+OZUEZRw+TmD7y43e/FFATs=,2,False
463,UURWMEA110,DK_LTKNYDPT_PA,"UURWMEA110 -> UJEWMEA040 ->(N/A, 0.64)-> UJEWLED030 -> DK_LTKNYDPT_PA",0.0,0.64,0.0,1:14IbBNYGthaFjmHFCE8TRrRTvbM=,2,True
464,UURWMEA110,DK_LTKNYDPT_PA,"UURWMEA110 -> UJEWMEA040 ->(N/A, 0.64)-> UJEWLED030 ->(0.5, N/A)-> UJEWLED040 -> DK_LTKNYDPT_PA",0.5,0.64,0.5,1:6n3ymQIiuCa+EdJ1G4ZCSZZQtgI=,3,True
465,UURWMEA110,DK_LUFKIN_TX,"UURWMEA110 -> UJEWMEA040 ->(2.5, 0.64)-> UJPWMEC010 -> [UJP_MESH] -> UJPWTIN010 ->(5.14, 3.35)-> UJEWSNA040 -> DK_LUFKIN_TX",7.645,3.99,0.0,1:oxekIsYcZ8BRPtci82rlxX8D2oQ=,2,False
466,UURWMEA110,DK_LUKEAFB_AZ,"UURWMEA110 -> UJEWMEA040 ->(2.5, 0.64)-> UJPWMEC010 -> [UJP_MESH] -> UJPWBCK010 ->(14.63, 6.8)-> UJEWNIS040 ->(0.5, N/A)-> UJEWNIS030 ->(4.0, 2.29)-> UJEWLUK030 -> DK_LUKEAFB_AZ",21.630000000000003,9.73,0.0,1:TiWqd10x+45qbrIR5Y0oJIivcRo=,2,False
467,UURWMEA110,DK_LYNN_MA,"UURWMEA110 -> UJEWMEA040 ->(2.5, 0.64)-> UJPWMEC010 ->(0.34, N/A)-> UJEWMEC030 -> DK_LYNN_MA",2.84,0.64,0.0,1:Am4uO5m+NX8Mkkt4dtxY2Y0L3yk=,2,False
468,UURWMEA110,DK_MALABAR_FL,"UURWMEA110 -> UJEWMEA040 ->(0.5, N/A)-> UJEWMEA030 ->(0.5, 0.18)-> UJPWPNT010 -> [UJP_MESH] -> UJPWBRA010 ->(0.38, N/A)-> UJEWBRA030 ->(6.5, 3.0)-> UJEWJKV030 -> DK_MALABAR_FL",7.875,3.18,0.0,1:3pRs29HNRV+w3ioC8va2oGR4Vg0=,2,False
469,UURWMEA110,DK_MANASSAS_VA,UURWMEA110 -> UJEWMEA040 -> DK_MANASSAS_VA,0.0,0.0,0.0,1:ardV78MGB9KsfJVFHBsb3zOHZr4=,2,False
470,UURWMEA110,DK_MANCHSTR_NH,"UURWMEA110 -> UJEWMEA040 ->(5.0, 2.98)-> UJEWHAN030 -> DK_MANCHSTR_NH",5.0,2.98,0.0,1:hWQwnEO8y463z5hdbvDUpFFswas=,2,False
471,UURWMEA110,DK_MARIETTA_GA,"UURWMEA110 -> UJEWMEA040 ->(0.5, N/A)-> UJEWMEA030 ->(0.5, 0.18)-> UJPWPNT010 -> [UJP_MESH] -> UJPWBRA010 ->(0.38, N/A)-> UJEWBRA030 ->(4.5, 1.72)-> UJEWGOR030 ->(0.5, N/A)-> UJEWGOR040 -> DK_MARIETTA_GA",6.375,1.9,0.0,1:a2Em8K0WnyGY+5bOZCJNOPB3Zzg=,2,False
472,UURWMEA110,DK_MARLBORO_MA,"UURWMEA110 -> UJEWMEA040 ->(2.5, 0.64)-> UJPWMEC010 ->(0.34, N/A)-> UJEWMEC030 -> DK_MARLBORO_MA",2.84,0.64,0.0,1:7mqbdWo3zZqg9alKojZE47NMLnU=,2,False
473,UURWMEA110,DK_MCDLLAFB_FL,"UURWMEA110 -> UJEWMEA040 ->(0.5, N/A)-> UJEWMEA030 ->(0.5, 0.18)-> UJPWPNT010 -> [UJP_MESH] -> UJPWBRA010 ->(0.38, N/A)-> UJEWBRA030 ->(6.5, 3.0)-> UJEWJKV030 ->(0.5, N/A)-> UJEWJKV040 ->(N/A, 1.39)-> UJEWMAC040 -> DK_MCDLLAFB_FL",8.375,4.57,0.0,1:EtFzFjtT22iQVGHEEIZbjsL92ZE=,2,True
474,UURWMEA110,DK_MCDLLAFB_FL,"UURWMEA110 -> UJEWMEA040 ->(0.5, N/A)-> UJEWMEA030 ->(0.5, 0.18)-> UJPWPNT010 -> [UJP_MESH] -> UJPWBRA010 ->(0.38, N/A)-> UJEWBRA030 ->(6.5, 3.0)-> UJEWJKV030 ->(0.5, N/A)-> UJEWJKV040 ->(N/A, 1.39)-> UJEWMAC040 ->(0.5, N/A)-> UJEWMAC030 -> DK_MCDLLAFB_FL",8.875,4.57,0.5,1:KWlPl+gKv+mUsYN3ckTDpSfcLhw=,3,True
475,UURWMEA110,DK_MCKINNEY_TX,"UURWMEA110 -> UJEWMEA040 ->(2.5, 0.64)-> UJPWMEC010 -> [UJP_MESH] -> UJPWTIN010 ->(5.14, 3.35)-> UJEWSNA040 -> DK_MCKINNEY_TX",7.645,3.99,0.0,1:ONnxE8NDwi+TBv9yMb38qqtEJSI=,2,False
476,UURWMEA110,DK_MCLEAN_VA,"UURWMEA110 -> UJEWMEA040 ->(0.5, N/A)-> UJEWMEA030 ->(0.5, 0.18)-> UJPWPNT010 ->(0.52, N/A)-> UJEWPNT030 -> DK_MCLEAN_VA",1.52,0.18,0.0,1:Hvtl2wx9VUeDBd7zaEx7Ziim0SY=,2,False
477,UURWMEA110,DK_MELBOURN_FL,"UURWMEA110 -> UJEWMEA040 ->(0.5, N/A)-> UJEWMEA030 ->(0.5, 0.18)-> UJPWPNT010 -> [UJP_MESH] -> UJPWBRA010 ->(0.38, N/A)-> UJEWBRA030 ->(6.5, 3.0)-> UJEWJKV030 -> DK_MELBOURN_FL",7.875,3.18,0.0,1:2EkRrRcKNYlIUq3ba/JcXhDl0oA=,6,False
478,UURWMEA110,DK_MIESAUAD_DE,"UURWMEA110 -> UJEWMEA040 ->(0.5, N/A)-> UJEWMEA030 ->(0.5, 0.18)-> UJPWPNT010 -> [UJP_MESH] -> UJPEPTM010 ->(1.45, 0.67)-> UJEELTM030 -> DK_MIESAUAD_DE",2.4450000000000003,0.8500000000000001,0.0,1:5f4CsamyxmAaba1huvqnKsXh8x0=,2,False
479,UURWMEA110,DK_MONROVLL_PA,"UURWMEA110 -> UJEWMEA040 ->(2.5, 0.64)-> UJPWMEC010 ->(0.34, N/A)-> UJEWMEC030 -> DK_MONROVLL_PA",2.84,0.64,0.0,1:vAOgZQi1liBz6KLJHI8ca2lbutQ=,2,False
480,UURWMEA110,DK_MOORSTWN_NJ,"UURWMEA110 -> UJEWMEA040 ->(5.0, 2.98)-> UJEWHAN030 -> DK_MOORSTWN_NJ",5.0,2.98,0.0,1:SCsQNKwe0TOkQdTH4ACReZCuJMA=,2,False
481,UURWMEA110,DK_NASHUA_NH,"UURWMEA110 -> UJEWMEA040 ->(5.0, 2.98)-> UJEWHAN030 -> DK_NASHUA_NH",5.0,2.98,0.0,1:1GpHG27le+gQA2WiuCIcU/Iu0cE=,2,False
482,UURWMEA110,DK_NORIDGE_CA,"UURWMEA110 -> UJEWMEA040 ->(2.5, 0.64)-> UJPWMEC010 -> [UJP_MESH] -> UJPWBCK010 ->(14.63, 6.8)-> UJEWNIS040 ->(2.5, 0.87)-> UJEWLOA030 -> DK_NORIDGE_CA",19.630000000000003,8.309999999999999,0.0,1:0G9vPdYMFaW64NL3iEGTQxyVGtk=,1,False
483,UURWMEA110,DK_NRTHAPTN_MA,"UURWMEA110 -> UJEWMEA040 ->(2.5, 0.64)-> UJPWMEC010 ->(0.34, N/A)-> UJEWMEC030 -> DK_NRTHAPTN_MA",2.84,0.64,0.0,1:7AiQXbmFDnTLcfkccB36fS33St8=,2,False
484,UURWMEA110,DK_NSAMCNCS_PA,"UURWMEA110 -> UJEWMEA040 ->(2.5, 0.64)-> UJPWMEC010 ->(0.34, N/A)-> UJEWMEC030 -> DK_NSAMCNCS_PA",2.84,0.64,0.0,1:4J5PXwceLLgtnNP9+fGicKpW9mQ=,7,True
485,UURWMEA110,DK_NSAMCNCS_PA,"UURWMEA110 -> UJEWMEA040 ->(2.5, 0.64)-> UJPWMEC010 ->(0.34, N/A)-> UJEWMEC030 ->(0.5, N/A)-> UJEWMEC040 -> DK_NSAMCNCS_PA",3.34,0.64,0.5,1:1+n3rxLQrSRa5DZwss7B66LUbeM=,3,True
486,UURWMEA110,DK_OCALA_FL,"UURWMEA110 -> UJEWMEA040 ->(0.5, N/A)-> UJEWMEA030 ->(0.5, 0.18)-> UJPWPNT010 -> [UJP_MESH] -> UJPWBRA010 ->(0.38, N/A)-> UJEWBRA030 ->(6.5, 3.0)-> UJEWJKV030 -> DK_OCALA_FL",7.875,3.18,0.0,1:1MlIv6Q3TR5A6EzZxlMmdZDQfXQ=,2,False
487,UURWMEA110,DK_OKLAHMCY_OK,"UURWMEA110 -> UJEWMEA040 ->(2.5, 0.64)-> UJPWMEC010 -> [UJP_MESH] -> UJPWTIN010 ->(5.14, 3.35)-> UJEWSNA040 -> DK_OKLAHMCY_OK",7.645,3.99,0.0,1:M6YDbzsu1Q6fr+wy9Av/Y2X/DaE=,4,False
488,UURWMEA110,DK_OLDSMAR_FL,"UURWMEA110 -> UJEWMEA040 ->(0.5, N/A)-> UJEWMEA030 ->(0.5, 0.18)-> UJPWPNT010 -> [UJP_MESH] -> UJPWBRA010 ->(0.38, N/A)-> UJEWBRA030 ->(6.5, 3.0)-> UJEWJKV030 -> DK_OLDSMAR_FL",7.875,3.18,0.0,1:6XFOqNTnLXRile5PqM4SrfS2Knw=,2,False
489,UURWMEA110,DK_ORLANDO_FL,"UURWMEA110 -> UJEWMEA040 ->(0.5, N/A)-> UJEWMEA030 ->(0.5, 0.18)-> UJPWPNT010 -> [UJP_MESH] -> UJPWBRA010 ->(0.38, N/A)-> UJEWBRA030 ->(4.5, 1.72)-> UJEWGOR030 ->(0.5, N/A)-> UJEWGOR040 -> DK_ORLANDO_FL",6.375,1.9,0.0,1:IkGWj9HZQlijXOK0SzwN916o0Ig=,1,True
490,UURWMEA110,DK_ORLANDO_FL,"UURWMEA110 -> UJEWMEA040 ->(0.5, N/A)-> UJEWMEA030 ->(0.5, 0.18)-> UJPWPNT010 -> [UJP_MESH] -> UJPWBRA010 ->(0.38, N/A)-> UJEWBRA030 ->(6.5, 3.0)-> UJEWJKV030 -> DK_ORLANDO_FL",7.875,3.18,1.5,1:6SCW4LaVO2nFkTM7BOLZ6SxXGNc=,6,True
491,UURWMEA110,DK_OSHKOSH_WI,"UURWMEA110 -> UJEWMEA040 ->(2.5, 0.64)-> UJPWMEC010 -> [UJP_MESH] -> UJPWWPA010 ->(0.34, N/A)-> UJEWWPA030 ->(0.5, N/A)-> UJEWWPA040 -> DK_OSHKOSH_WI",3.335,0.64,0.0,1:T/UEbucCbskE0NIlPUZaRUkHkSc=,2,False
492,UURWMEA110,DK_OTTAWA_CA,"UURWMEA110 -> UJEWMEA040 ->(0.5, N/A)-> UJEWMEA030 ->(N/A, 2.79)-> UJEWDRU030 ->(1.0, N/A)-> UJEWDRU040 -> DK_OTTAWA_CA",1.5,2.79,0.0,1:QlOq+aX2kpv1DHVFB7IAuIQm9uI=,2,False
493,UURWMEA110,DK_PASADENA_TX,"UURWMEA110 -> UJEWMEA040 ->(2.5, 0.64)-> UJPWMEC010 -> [UJP_MESH] -> UJPWTIN010 ->(5.14, 3.35)-> UJEWSNA040 -> DK_PASADENA_TX",7.645,3.99,0.0,1:AKkTSpKD6j/opP/Md6Jzj2srMqY=,2,False
494,UURWMEA110,DK_PATCHBK_DE,"UURWMEA110 -> UJEWMEA040 ->(0.5, N/A)-> UJEWMEA030 ->(0.5, 0.18)-> UJPWPNT010 -> [UJP_MESH] -> UJPEPTM010 ->(0.29, N/A)-> UJEEPTM030 -> DK_PATCHBK_DE",1.29,0.18,0.0,1:KY3aOAhr+eBSrZM7wBWOM/7Utkc=,2,True
495,UURWMEA110,DK_PATCHBK_DE,"UURWMEA110 -> UJEWMEA040 ->(0.5, N/A)-> UJEWMEA030 ->(0.5, 0.18)-> UJPWPNT010 -> [UJP_MESH] -> UJPEPTM010 ->(0.29, N/A)-> UJEEPTM030 ->(0.5, N/A)-> UJEEPTM040 -> DK_PATCHBK_DE",1.79,0.18,0.5,1:Jx96F3ZwV2G3WqaYAe9M9kUNFQA=,2,True
496,UURWMEA110,DK_PEASEANG_NH,"UURWMEA110 -> UJEWMEA040 ->(5.0, 2.98)-> UJEWHAN030 -> DK_PEASEANG_NH",5.0,2.98,0.0,1:bkX+Qg9II/TdTN9deGPhsck6LTg=,2,False
497,UURWMEA110,DK_PENTAGON_DC,"UURWMEA110 -> UJEWMEA040 ->(0.5, N/A)-> UJEWMEA030 ->(0.5, 0.18)-> UJPWPNT010 ->(0.52, N/A)-> UJEWPNT030 -> DK_PENTAGON_DC",1.52,0.18,0.0,1:G6iGb5Kp8OyCI6k8oxiUaAybnBo=,5,True
498,UURWMEA110,DK_PENTAGON_DC,"UURWMEA110 -> UJEWMEA040 ->(0.5, N/A)-> UJEWMEA030 ->(0.5, 0.18)-> UJPWPNT010 ->(0.52, N/A)-> UJEWPNT030 ->(0.5, N/A)-> UJEWPNT040 -> DK_PENTAGON_DC",2.02,0.18,0.5,1:MHm2sYQE5VNiTW6PrIhEYpFL+Y0=,3,True
499,UURWMEA110,DK_PHILDLPH_PA,"UURWMEA110 -> UJEWMEA040 ->(2.0, 0.82)-> UJEWPHI030 -> DK_PHILDLPH_PA",2.0,0.82,0.0,1:FJO1Yw3fvAgnWIE2Rf2BuOHhTqk=,6,False
500,UURWMEA110,DK_PICATNNY_NJ,"UURWMEA110 -> UJEWMEA040 ->(2.0, 0.82)-> UJEWPHI030 ->(0.5, N/A)-> UJEWPHI040 ->(N/A, 0.62)-> UJEWPIC040 ->(0.5, N/A)-> UJEWPIC030 -> DK_PICATNNY_NJ",3.0,1.44,0.0,1:EkTz8EBt+L9+QujHQdXcFE1hojM=,2,False
501,UURWMEA110,DK_PITTSFLD_MA,"UURWMEA110 -> UJEWMEA040 ->(2.0, 0.82)-> UJEWPHI030 -> DK_PITTSFLD_MA",2.0,0.82,0.0,1:JoeebvJ38NA1LE1TtD1LndXT3Xk=,2,False
502,UURWMEA110,DK_PLANO_TX,"UURWMEA110 -> UJEWMEA040 ->(2.5, 0.64)-> UJPWMEC010 -> [UJP_MESH] -> UJPWTIN010 ->(5.14, 3.35)-> UJEWSNA040 -> DK_PLANO_TX",7.645,3.99,0.0,1:Ukr3uiBqIv8tk+QmEiDN6xDKmZI=,2,False
503,UURWMEA110,DK_PORTSMTH_RI,"UURWMEA110 -> UJEWMEA040 ->(2.5, 0.64)-> UJPWMEC010 ->(0.34, N/A)-> UJEWMEC030 -> DK_PORTSMTH_RI",2.84,0.64,0.0,1:2AXGAFgSleEZIlT977MmwiUBPDI=,2,False
504,UURWMEA110,DK_PTRSNSFB_CO,"UURWMEA110 -> UJEWMEA040 ->(2.5, 0.64)-> UJPWMEC010 -> [UJP_MESH] -> UJPWBCK010 ->(1.72, 0.5)-> UJEWPET040 ->(0.5, N/A)-> UJEWPET030 -> DK_PTRSNSFB_CO",4.715,1.1400000000000001,0.0,1:twvcxDYstcWDTByHc4Q7NhRwsQQ=,2,False
505,UURWMEA110,DK_RAFAKRTR_CY,"UURWMEA110 -> UJEWMEA040 ->(0.5, N/A)-> UJEWMEA030 ->(0.5, 0.18)-> UJPWPNT010 -> [UJP_MESH] -> UJPEDTM010 ->(0.3, N/A)-> UJEEDTM030 ->(0.5, N/A)-> UJEEDTM040 ->(22.5, 8.91)-> UJEEAKI040 -> DK_RAFAKRTR_CY",24.3,9.09,0.0,1:pze/zJPT+c1SZkiQMhEguZGrADE=,2,True
506,UURWMEA110,DK_RAFAKRTR_CY,"UURWMEA110 -> UJEWMEA040 ->(0.5, N/A)-> UJEWMEA030 ->(0.5, 0.18)-> UJPWPNT010 -> [UJP_MESH] -> UJPEDTM010 ->(0.3, N/A)-> UJEEDTM030 ->(0.5, N/A)-> UJEEDTM040 ->(22.5, 8.91)-> UJEEAKI040 ->(0.5, N/A)-> UJEEAKI030 -> DK_RAFAKRTR_CY",24.8,9.09,0.5,1:DVPEeLMpdkyVtIO4NN3FnV+if5g=,2,True
507,UURWMEA110,DK_RDSNASNL_AL,"UURWMEA110 -> UJEWMEA040 ->(2.5, 0.64)-> UJPWMEC010 -> [UJP_MESH] -> UJPWWPA010 ->(0.34, N/A)-> UJEWWPA030 ->(0.5, N/A)-> UJEWWPA040 ->(N/A, 3.12)-> UJEWRED040 -> DK_RDSNASNL_AL",3.335,3.7600000000000002,0.0,1:N753iTXew23VKbZhWCFBcwQpQmk=,2,True
508,UURWMEA110,DK_RDSNASNL_AL,"UURWMEA110 -> UJEWMEA040 ->(2.5, 0.64)-> UJPWMEC010 -> [UJP_MESH] -> UJPWWPA010 ->(0.34, N/A)-> UJEWWPA030 ->(0.5, N/A)-> UJEWWPA040 ->(N/A, 3.12)-> UJEWRED040 ->(0.5, N/A)-> UJEWRED030 -> DK_RDSNASNL_AL",3.835,3.7600000000000002,0.5,1:YIe58mX8xMUwI8NzGqitH14qk0w=,1,True
509,UURWMEA110,DK_REDOAK_TX,"UURWMEA110 -> UJEWMEA040 ->(2.5, 0.64)-> UJPWMEC010 -> [UJP_MESH] -> UJPWTIN010 ->(5.14, 3.35)-> UJEWSNA040 -> DK_REDOAK_TX",7.645,3.99,0.0,1:/61k17HDKta8VdrjOa0PjVts2PE=,2,False
510,UURWMEA110,DK_RICHMOND_VA,"UURWMEA110 -> UJEWMEA040 ->(0.5, N/A)-> UJEWMEA030 ->(0.5, 0.18)-> UJPWPNT010 -> [UJP_MESH] -> UJPWBEL010 ->(0.34, N/A)-> UJEWBEL030 ->(0.5, N/A)-> UJEWBEL040 ->(2.0, 0.63)-> UJEWRCH040 -> DK_RICHMOND_VA",3.8449999999999998,0.81,0.0,1:FBKMG7VHlqoOuYNYnghki6d3J7o=,2,False
511,UURWMEA110,DK_RIDLEYPK_PA,"UURWMEA110 -> UJEWMEA040 ->(2.5, 0.64)-> UJPWMEC010 ->(0.34, N/A)-> UJEWMEC030 -> DK_RIDLEYPK_PA",2.84,0.64,0.0,1:L4k6QxXBB2c2JzOV4OCRHQmwzGg=,2,False
512,UURWMEA110,DK_ROCHESTR_NY,"UURWMEA110 -> UJEWMEA040 ->(2.0, 0.82)-> UJEWPHI030 -> DK_ROCHESTR_NY",2.0,0.82,0.0,1:Cs97lOm0cupk73MvIIkorZP5uUI=,2,False
513,UURWMEA110,DK_ROSEVILL_CA,"UURWMEA110 -> UJEWMEA040 ->(2.5, 0.64)-> UJPWMEC010 -> [UJP_MESH] -> UJPWBEA010 ->(0.34, N/A)-> UJEWBEA030 ->(0.5, N/A)-> UJEWBEA040 -> DK_ROSEVILL_CA",3.3449999999999998,0.64,0.0,1:0Inxn2qSWqHQIyNyBYQuR+nOegc=,2,False
514,UURWMEA110,DK_SANANTON_TX,"UURWMEA110 -> UJEWMEA040 ->(2.5, 0.64)-> UJPWMEC010 -> [UJP_MESH] -> UJPWTIN010 ->(5.14, 3.35)-> UJEWSNA040 -> DK_SANANTON_TX",7.645,3.99,0.0,1:Wpekq3ju4drz5ptaQxDn6c1XuRo=,4,False
515,UURWMEA110,DK_SANJOSE_CA,"UURWMEA110 -> UJEWMEA040 ->(2.5, 0.64)-> UJPWMEC010 -> [UJP_MESH] -> UJPWBEA010 ->(0.34, N/A)-> UJEWBEA030 ->(0.5, N/A)-> UJEWBEA040 -> DK_SANJOSE_CA",3.3449999999999998,0.64,0.0,1:GmCWMR0uGD9uPQ3XNIYaI7cndOc=,2,False
516,UURWMEA110,DK_SANTACLR_CA,"UURWMEA110 -> UJEWMEA040 ->(2.5, 0.64)-> UJPWMEC010 -> [UJP_MESH] -> UJPWBEA010 ->(0.34, N/A)-> UJEWBEA030 ->(0.5, N/A)-> UJEWBEA040 -> DK_SANTACLR_CA",3.3449999999999998,0.64,0.0,1:IT72elgFWZHOjvVXR+Sh4w0OzEs=,2,False
517,UURWMEA110,DK_SAN_JOSE_CA,"UURWMEA110 -> UJEWMEA040 ->(2.5, 0.64)-> UJPWMEC010 -> [UJP_MESH] -> UJPWMIR010 ->(0.33, N/A)-> UJEWMIR030 -> DK_SAN_JOSE_CA",2.825,0.64,0.0,1:/q/ddSqobaFXYZ4UdX1TrN/+3RE=,10,False
518,UURWMEA110,DK_SCHQMIAM_FL,"UURWMEA110 -> UJEWMEA040 ->(0.5, N/A)-> UJEWMEA030 ->(0.5, 0.18)-> UJPWPNT010 -> [UJP_MESH] -> UJPWBRA010 ->(0.38, N/A)-> UJEWBRA030 ->(6.5, 3.0)-> UJEWJKV030 ->(0.5, N/A)-> UJEWJKV040 ->(3.5, 2.46)-> UJEWSCD040 -> DK_SCHQMIAM_FL",11.875,5.640000000000001,0.0,1:HwS65vBTf6WQjgZWaslsHkNGHqE=,3,True
519,UURWMEA110,DK_SCHQMIAM_FL,"UURWMEA110 -> UJEWMEA040 ->(0.5, N/A)-> UJEWMEA030 ->(0.5, 0.18)-> UJPWPNT010 -> [UJP_MESH] -> UJPWBRA010 ->(0.38, N/A)-> UJEWBRA030 ->(6.5, 3.0)-> UJEWJKV030 ->(0.5, N/A)-> UJEWJKV040 ->(3.5, 2.46)-> UJEWSCD040 ->(0.5, N/A)-> UJEWSCD030 -> DK_SCHQMIAM_FL",12.375,5.640000000000001,0.5,1:9IA37HnscbElwcTRMz+n8Fh18r4=,3,True
520,UURWMEA110,DK_SCRANTON_PA,"UURWMEA110 -> UJEWMEA040 ->(5.0, 2.98)-> UJEWHAN030 -> DK_SCRANTON_PA",5.0,2.98,0.0,1:0vYvr56u585rQ1qBUOk4zm9ejm4=,2,False
521,UURWMEA110,DK_SMYRNA_GA,"UURWMEA110 -> UJEWMEA040 ->(0.5, N/A)-> UJEWMEA030 ->(0.5, 0.18)-> UJPWPNT010 -> [UJP_MESH] -> UJPWBRA010 ->(0.38, N/A)-> UJEWBRA030 ->(4.5, 1.72)-> UJEWGOR030 ->(0.5, N/A)-> UJEWGOR040 -> DK_SMYRNA_GA",6.375,1.9,0.0,1:i5gITcUibN98qLlvMimp75Yln2U=,2,False
522,UURWMEA110,DK_SNANTISC_TX,"UURWMEA110 -> UJEWMEA040 ->(2.5, 0.64)-> UJPWMEC010 -> [UJP_MESH] -> UJPWTIN010 ->(5.14, 3.35)-> UJEWSNA040 -> DK_SNANTISC_TX",7.645,3.99,0.0,1:P/8JkxUQv6WhHTI4CnTsudDlctM=,3,True
523,UURWMEA110,DK_SNANTISC_TX,"UURWMEA110 -> UJEWMEA040 ->(2.5, 0.64)-> UJPWMEC010 -> [UJP_MESH] -> UJPWTIN010 ->(5.14, 3.35)-> UJEWSNA040 ->(0.5, N/A)-> UJEWSNA030 -> DK_SNANTISC_TX",8.145,3.99,0.5,1:879KdBSSj7u9MondlxFgZ5zIRNI=,3,True
524,UURWMEA110,DK_SOBEND_IN,"UURWMEA110 -> UJEWMEA040 ->(2.5, 0.64)-> UJPWMEC010 -> [UJP_MESH] -> UJPWWPA010 ->(0.34, N/A)-> UJEWWPA030 ->(0.5, N/A)-> UJEWWPA040 -> DK_SOBEND_IN",3.335,0.64,0.0,1:GbVfxhSFi/BXmbCzP0q+1lcxeV8=,1,False
525,UURWMEA110,DK_STAGSTNW_FL,"UURWMEA110 -> UJEWMEA040 ->(0.5, N/A)-> UJEWMEA030 ->(0.5, 0.18)-> UJPWPNT010 -> [UJP_MESH] -> UJPWBRA010 ->(0.38, N/A)-> UJEWBRA030 ->(6.5, 3.0)-> UJEWJKV030 -> DK_STAGSTNW_FL",7.875,3.18,0.0,1:IvtwIP/DR/FWaKsWWTwpWRFlNxQ=,2,False
526,UURWMEA110,DK_STELNGHT_MI,"UURWMEA110 -> UJEWMEA040 ->(2.5, 0.64)-> UJPWMEC010 -> [UJP_MESH] -> UJPWWPA010 ->(0.34, N/A)-> UJEWWPA030 ->(0.5, N/A)-> UJEWWPA040 -> DK_STELNGHT_MI",3.335,0.64,0.0,1:BL22SrPnva2CG7EiQI5S0DnGTJY=,2,False
527,UURWMEA110,DK_STERLING_VA,"UURWMEA110 -> UJEWMEA040 ->(0.5, N/A)-> UJEWMEA030 ->(0.5, 0.18)-> UJPWPNT010 ->(0.52, N/A)-> UJEWPNT030 -> DK_STERLING_VA",1.52,0.18,0.0,1:ViPIyJQQUO/mLNAeCuYl0LFil+Y=,2,False
528,UURWMEA110,DK_STOCKTON_CA,"UURWMEA110 -> UJEWMEA040 ->(2.5, 0.64)-> UJPWMEC010 -> [UJP_MESH] -> UJPWBEA010 ->(0.34, N/A)-> UJEWBEA030 ->(0.5, N/A)-> UJEWBEA040 -> DK_STOCKTON_CA",3.3449999999999998,0.64,0.0,1:BZKLFFjNQbVIYjxvdx629BVD70g=,1,False
529,UURWMEA110,DK_STPRSBG_FL,"UURWMEA110 -> UJEWMEA040 ->(0.5, N/A)-> UJEWMEA030 ->(0.5, 0.18)-> UJPWPNT010 -> [UJP_MESH] -> UJPWBRA010 ->(0.38, N/A)-> UJEWBRA030 ->(6.5, 3.0)-> UJEWJKV030 -> DK_STPRSBG_FL",7.875,3.18,0.0,1:9kztV412mbucCnMoUfnwKLGWBts=,2,False
530,UURWMEA110,DK_STRLNGGHT_MI,"UURWMEA110 -> UJEWMEA040 ->(2.5, 0.64)-> UJPWMEC010 -> [UJP_MESH] -> UJPWWPA010 ->(0.34, N/A)-> UJEWWPA030 ->(0.5, N/A)-> UJEWWPA040 -> DK_STRLNGGHT_MI",3.335,0.64,0.0,1:/jFk1CZMf+A1pWrZjiYczhDIF6g=,2,False
531,UURWMEA110,DK_STRLNGHT_MI,"UURWMEA110 -> UJEWMEA040 ->(2.5, 0.64)-> UJPWMEC010 -> [UJP_MESH] -> UJPWWPA010 ->(0.34, N/A)-> UJEWWPA030 ->(0.5, N/A)-> UJEWWPA040 -> DK_STRLNGHT_MI",3.335,0.64,0.0,1:Dq3W6UhV80gIU3ezC4kYX2mLDps=,2,False
532,UURWMEA110,DK_SUGARGRV_WV,"UURWMEA110 -> UJEWMEA040 ->(0.5, N/A)-> UJEWMEA030 ->(0.5, 0.18)-> UJPWPNT010 ->(1.66, 0.78)-> UJEWCHT030 -> DK_SUGARGRV_WV",2.6550000000000002,0.96,0.0,1:BmabY5637lS9mc9Ok+A/l23Y70U=,3,False
533,UURWMEA110,DK_SUNNYVAL_CA,"UURWMEA110 -> UJEWMEA040 ->(2.5, 0.64)-> UJPWMEC010 -> [UJP_MESH] -> UJPWBEA010 ->(0.34, N/A)-> UJEWBEA030 ->(0.5, N/A)-> UJEWBEA040 -> DK_SUNNYVAL_CA",3.3449999999999998,0.64,0.0,1:ZJT9PFQhg1qUV6DDpUOaj8wJs5E=,2,False
534,UURWMEA110,DK_SYRACUSE_NY,"UURWMEA110 -> UJEWMEA040 ->(8.0, 2.26)-> UJEWHFI040 -> DK_SYRACUSE_NY",8.0,2.26,0.0,1:BSfWfkMKpSM1jVC1YUOXSBi2a7A=,2,False
535,UURWMEA110,DK_TAUNTON_MA,"UURWMEA110 -> UJEWMEA040 ->(2.5, 0.64)-> UJPWMEC010 ->(0.34, N/A)-> UJEWMEC030 -> DK_TAUNTON_MA",2.84,0.64,0.0,1:f8d/63HXvdBNowhgkIdDfFfYILI=,2,False
536,UURWMEA110,DK_TBYHNNAD_PA,"UURWMEA110 -> UJEWMEA040 ->(4.0, 1.29)-> UJEWTOB040 -> DK_TBYHNNAD_PA",4.0,1.29,0.0,1:2QeNPZA5hE0jBvCedzyN5vddfGY=,1,False
537,UURWMEA110,DK_TEWKSBRY_MA,"UURWMEA110 -> UJEWMEA040 ->(2.5, 0.64)-> UJPWMEC010 ->(0.34, N/A)-> UJEWMEC030 -> DK_TEWKSBRY_MA",2.84,0.64,0.0,1:55rgvNwA7gKj0SxcSy+j4kK3Nvg=,2,False
538,UURWMEA110,DK_TINRAFB_OK,"UURWMEA110 -> UJEWMEA040 ->(2.5, 0.64)-> UJPWMEC010 -> [UJP_MESH] -> UJPWTIN010 ->(0.35, N/A)-> UJEWTIN030 -> DK_TINRAFB_OK",2.85,0.64,0.0,1:hpE5aWKrQ5vYuwMEge5ipP9YRdE=,3,True
539,UURWMEA110,DK_TINRAFB_OK,"UURWMEA110 -> UJEWMEA040 ->(2.5, 0.64)-> UJPWMEC010 -> [UJP_MESH] -> UJPWTIN010 ->(0.35, N/A)-> UJEWTIN030 ->(0.5, N/A)-> UJEWTIN040 -> DK_TINRAFB_OK",3.35,0.64,0.5,1:N8RUNK+btoP1OtyufGGgRLKIxRQ=,2,True
540,UURWMEA110,DK_TITUSVLL_FL,"UURWMEA110 -> UJEWMEA040 ->(0.5, N/A)-> UJEWMEA030 ->(0.5, 0.18)-> UJPWPNT010 -> [UJP_MESH] -> UJPWBRA010 ->(0.38, N/A)-> UJEWBRA030 ->(6.5, 3.0)-> UJEWJKV030 -> DK_TITUSVLL_FL",7.875,3.18,0.0,1:JVQyjNGqfjZhyOGTqFERMdymnLc=,2,False
541,UURWMEA110,DK_TULSA_OK,"UURWMEA110 -> UJEWMEA040 ->(2.5, 0.64)-> UJPWMEC010 -> [UJP_MESH] -> UJPWTIN010 ->(5.14, 3.35)-> UJEWSNA040 -> DK_TULSA_OK",7.645,3.99,0.0,1:bq81naOYmkAroRqvLeYgiZSCS9Y=,2,False
542,UURWMEA110,DK_UNDTMNDL_Z1,"UURWMEA110 -> UJEWMEA040 ->(0.5, N/A)-> UJEWMEA030 ->(0.5, 0.18)-> UJPWPNT010 ->(1.66, 0.78)-> UJEWCHT030 ->(0.5, N/A)-> UJEWCHT040 -> DK_UNDTMNDL_Z1",3.1550000000000002,0.96,0.0,1:3CFoQ+/HUzFCm123H+RHBYaF31I=,2,True
543,UURWMEA110,DK_UNDTMNDL_Z1,"UURWMEA110 -> UJEWMEA040 ->(2.5, 0.64)-> UJPWMEC010 -> [UJP_MESH] -> UJPWBCK010 ->(1.92, 0.58)-> UJEWCAR030 ->(0.5, 0.08)-> UJEWCHM030 -> DK_UNDTMNDL_Z1",4.915,1.3,1.7599999999999998,1:CDklU+bmnl9F/XJS30fXaI2+77g=,2,True
544,UURWMEA110,DK_USACEHRM_PA,"UURWMEA110 -> UJEWMEA040 ->(2.0, 0.82)-> UJEWPHI030 -> DK_USACEHRM_PA",2.0,0.82,0.0,1:/HPXYZEyIJ/lpWso2m/vM3I//gM=,2,False
545,UURWMEA110,DK_VANNUYS_CA,"UURWMEA110 -> UJEWMEA040 ->(2.5, 0.64)-> UJPWMEC010 -> [UJP_MESH] -> UJPWBEA010 ->(0.34, N/A)-> UJEWBEA030 ->(0.5, N/A)-> UJEWBEA040 -> DK_VANNUYS_CA",3.3449999999999998,0.64,0.0,1:FN4weuJ10Oyvq4HxH5EZyU0tAso=,2,False
546,UURWMEA110,DK_WACO_TX,"UURWMEA110 -> UJEWMEA040 ->(2.5, 0.64)-> UJPWMEC010 -> [UJP_MESH] -> UJPWTIN010 ->(5.14, 3.35)-> UJEWSNA040 -> DK_WACO_TX",7.645,3.99,0.0,1:FIb8qCeTHxv/Nn21TW+2yX4Dv6w=,2,False
547,UURWMEA110,DK_WAYNE_NJ,"UURWMEA110 -> UJEWMEA040 ->(2.5, 0.64)-> UJPWMEC010 ->(0.34, N/A)-> UJEWMEC030 -> DK_WAYNE_NJ",2.84,0.64,0.0,1:B6YzWdKYIjkNeOMV+jw24Hi9wBE=,2,False
548,UURWMEA110,DK_WESTON_FL,"UURWMEA110 -> UJEWMEA040 ->(0.5, N/A)-> UJEWMEA030 ->(0.5, 0.18)-> UJPWPNT010 -> [UJP_MESH] -> UJPWBRA010 ->(0.38, N/A)-> UJEWBRA030 ->(6.5, 3.0)-> UJEWJKV030 -> DK_WESTON_FL",7.875,3.18,0.0,1:JwDGPTPCTDzXeZe/JaxOFwPY6RE=,2,False
549,UURWMEA110,DK_WGHTPAFB_OH,"UURWMEA110 -> UJEWMEA040 ->(2.5, 0.64)-> UJPWMEC010 -> [UJP_MESH] -> UJPWWPA010 ->(0.34, N/A)-> UJEWWPA030 -> DK_WGHTPAFB_OH",2.835,0.64,0.0,1:LG/fqecdxRYB3xhiigC36JV4GDI=,2,False
550,UURWMEA110,DK_WICHITA_KS,"UURWMEA110 -> UJEWMEA040 ->(2.5, 0.64)-> UJPWMEC010 -> [UJP_MESH] -> UJPWWPA010 ->(0.34, N/A)-> UJEWWPA030 ->(0.5, N/A)-> UJEWWPA040 -> DK_WICHITA_KS",3.335,0.64,0.0,1:oTAgsK4+1JvdoeE5dqcUuSbir0Y=,2,False
551,UURWMEA110,DK_WNDSRLKS_CT,"UURWMEA110 -> UJEWMEA040 ->(2.0, 0.82)-> UJEWPHI030 -> DK_WNDSRLKS_CT",2.0,0.82,0.0,1:0/P/VmCCGFUUa+ElZZM4c+ykIC0=,2,False
552,UURWMEA110,DK_WOBURN_MA,"UURWMEA110 -> UJEWMEA040 ->(5.0, 2.98)-> UJEWHAN030 -> DK_WOBURN_MA",5.0,2.98,0.0,1:F3nzAd9rFVn15TSVtzgPRAns7QQ=,2,False
553,UURWMEA110,DK_YORK_PA,"UURWMEA110 -> UJEWMEA040 ->(2.0, 0.82)-> UJEWPHI030 -> DK_YORK_PA",2.0,0.82,0.0,1:Ac4OFaEqmEBaEOYqwVfpfGPdu/s=,4,False
554,UURWMEA110,DO_NSAMCNCS_PA,"UURWMEA110 -> UJEWMEA040 ->(2.5, 0.64)-> UJPWMEC010 ->(0.34, N/A)-> UJEWMEC030 -> DO_NSAMCNCS_PA",2.84,0.64,0.0,1:wMo2aLyH/QZbtS3dUx8IiQF+6Ng=,1,False
555,UURWMEA110,DR_FTBELVOR_VA,"UURWMEA110 -> UJEWMEA040 ->(0.5, N/A)-> UJEWMEA030 ->(0.5, 0.18)-> UJPWPNT010 -> [UJP_MESH] -> UJPWBEL010 ->(0.34, N/A)-> UJEWBEL030 -> DR_FTBELVOR_VA",1.345,0.18,0.0,1:9ZObIVjln60mDl8uYGWLwr7IFLE=,4,False
556,UURWMEA110,DV_FTGRGGMD_MD,UURWMEA110 -> UJEWMEA040 -> DV_FTGRGGMD_MD,0.0,0.0,0.0,1:DsiGy0lasDo+ATBhu/Kca59JRMs=,2,False
557,UURWMEA110,DX_BEASMLSB_GB,"UURWMEA110 -> UJEWMEA040 ->(2.5, 0.64)-> UJPWMEC010 -> [UJP_MESH] -> UJPEETM010 ->(2.4, 1.0)-> UJEEMEN030 -> DX_BEASMLSB_GB",4.904999999999999,1.6400000000000001,0.0,1:Pwb1YWSMggsmW94pvFDqdJWNaPk=,2,False
558,UURWMEA110,DX_JKSVLNAS_FL,"UURWMEA110 -> UJEWMEA040 ->(0.5, N/A)-> UJEWMEA030 ->(0.5, 0.18)-> UJPWPNT010 -> [UJP_MESH] -> UJPWBRA010 ->(0.38, N/A)-> UJEWBRA030 ->(6.5, 3.0)-> UJEWJKV030 -> DX_JKSVLNAS_FL",7.875,3.18,0.0,1:D+dijGo6tHFm0MjxDYNPLro6QmQ=,2,False
559,UURWMEA110,DX_WYTON_GB,"UURWMEA110 -> UJEWMEA040 ->(2.5, 0.64)-> UJPWMEC010 -> [UJP_MESH] -> UJPEETM010 ->(0.39, N/A)-> UJEEETM030 -> DX_WYTON_GB",2.89,0.64,0.0,1:4Ky6EkhFenBd2DM6ZiPpYDsYkBE=,2,False
560,UURWMEA110,OKCIAPREM1,"UURWMEA110 -> UJEWMEA040 ->(2.5, 0.64)-> UJPWMEC010 -> [UJP_MESH] -> UJPWTIN010 ->(0.35, N/A)-> UJEWTIN030 -> OKCIAPREM1",2.85,0.64,0.0,1:2dFISYk1TNIZbkUpjYb4yqDOVQw=,4,False
561,UURWMEA110,UJCWBEL030,"UURWMEA110 -> UJEWMEA040 ->(0.5, N/A)-> UJEWMEA030 ->(0.5, 0.18)-> UJPWPNT010 -> [UJP_MESH] -> UJPWBEL010 ->(0.34, N/A)-> UJEWBEL030 -> UJCWBEL030",1.345,0.18,0.0,1:6NhugQjQHPnA5PEI5qzfa67O6Fo=,8,False
562,UURWMEA110,UJCWMEC030,"UURWMEA110 -> UJEWMEA040 ->(2.5, 0.64)-> UJPWMEC010 ->(0.34, N/A)-> UJEWMEC030 -> UJCWMEC030",2.84,0.64,0.0,1:P1wEhyfnHBYrRpNgZYNT8PDa9zo=,6,False
563,UURWMEA110,UURWMEA100,UURWMEA110 -> UJEWMEA040 -> UURWMEA100,0.0,0.0,0.0,1:1R9PMKRFcZ2QrTFtwWw/p4yupug=,1,False
564,UURWMEA110,UURWMEA120,"UURWMEA110 -> UJEWMEA040 ->(0.5, N/A)-> UJEWMEA030 -> UURWMEA120",0.5,0.0,0.0,1:xhiGscCmZjDXVxnS3MeP25uOpRs=,1,False
565,UURWMEA110,UURWMEA440,UURWMEA110 -> UJEWMEA040 -> UURWMEA440,0.0,0.0,0.0,1:/j+Rkp7XHL8dEn3HV+VM5AHn7xA=,84,False
566,UURWMEA120,D4_MCCLELLN_CA,"UURWMEA120 -> UJEWMEA030 ->(0.5, N/A)-> UJEWMEA040 ->(2.5, 0.64)-> UJPWMEC010 -> [UJP_MESH] -> UJPWBEA010 ->(0.34, N/A)-> UJEWBEA030 ->(0.5, N/A)-> UJEWBEA040 -> D4_MCCLELLN_CA",3.8449999999999998,0.64,0.0,1:GYzUeZm4lQjXavaDv3QZqMxAiz4=,3,False
567,UURWMEA120,DA_FTKNOX_KY,"UURWMEA120 -> UJEWMEA030 ->(0.5, N/A)-> UJEWMEA040 ->(2.5, 0.64)-> UJPWMEC010 -> [UJP_MESH] -> UJPWWPA010 ->(0.34, N/A)-> UJEWWPA030 ->(0.5, N/A)-> UJEWWPA040 ->(2.0, 1.36)-> UJEWKNO040 ->(0.5, N/A)-> UJEWKNO030 -> DA_FTKNOX_KY",6.335,2.0,0.0,1:C9fK5wIxVyUVoLx2JJ8WgEl5Yi0=,3,False
568,UURWMEA120,DC_DCMAMVNY_NY,"UURWMEA120 -> UJEWMEA030 ->(0.5, N/A)-> UJEWMEA040 ->(2.0, 0.82)-> UJEWPHI030 -> DC_DCMAMVNY_NY",2.5,0.82,0.0,1:0syLNFrhp5pv45Hx6bfUAkSOL/g=,2,False
569,UURWMEA120,DD_CRYSLML1_VA,"UURWMEA120 -> UJEWMEA030 ->(0.5, 0.18)-> UJPWPNT010 ->(0.52, N/A)-> UJEWPNT030 ->(1.0, 0.03)-> UJEWCCY030 -> DD_CRYSLML1_VA",2.02,0.21,0.0,1:88MjUD6v7RFsIQVchAWp+/D0OFI=,3,False
570,UURWMEA120,DD_CRYSTLCY_VA,"UURWMEA120 -> UJEWMEA030 ->(0.5, 0.18)-> UJPWPNT010 ->(0.52, N/A)-> UJEWPNT030 ->(1.0, 0.03)-> UJEWCCY030 ->(0.5, N/A)-> UJEWCCY040 -> DD_CRYSTLCY_VA",2.52,0.21,0.0,1:+tsZs1ulSBqgAgsBv6kxUlph7F4=,3,False
571,UURWMEA120,DD_FTBELVOR_VA,"UURWMEA120 -> UJEWMEA030 ->(0.5, 0.18)-> UJPWPNT010 -> [UJP_MESH] -> UJPWBEL010 ->(0.34, N/A)-> UJEWBEL030 -> DD_FTBELVOR_VA",0.845,0.18,0.0,1:+rtjcmhsffwjzA7a7jUCUCmXBB4=,5,True
572,UURWMEA120,DD_FTBELVOR_VA,"UURWMEA120 -> UJEWMEA030 ->(0.5, 0.18)-> UJPWPNT010 -> [UJP_MESH] -> UJPWBEL010 ->(0.34, N/A)-> UJEWBEL030 ->(0.5, N/A)-> UJEWBEL040 -> DD_FTBELVOR_VA",1.345,0.18,0.5,1:Tss/TCxmrSwkWs0JELMVNuZKFoM=,5,True
573,UURWMEA120,DE_ARLINGTN_VA,"UURWMEA120 -> UJEWMEA030 ->(0.5, 0.18)-> UJPWPNT010 -> [UJP_MESH] -> UJPWBEL010 ->(0.34, N/A)-> UJEWBEL030 ->(0.5, N/A)-> UJEWBEL040 -> DE_ARLINGTN_VA",1.345,0.18,0.0,1:0sLkYZQq1iIZdYW0bdUYUbiLnh4=,3,False
574,UURWMEA120,DF_BALTIMOR_MD,"UURWMEA120 -> UJEWMEA030 ->(0.5, N/A)-> UJEWMEA040 -> DF_BALTIMOR_MD",0.5,0.0,0.0,1:2EA9QZiijMaIy+YLy+9vQAAa7DQ=,3,False
575,UURWMEA120,DK_ADDISON_TX,"UURWMEA120 -> UJEWMEA030 ->(0.5, N/A)-> UJEWMEA040 ->(2.5, 0.64)-> UJPWMEC010 -> [UJP_MESH] -> UJPWTIN010 ->(5.14, 3.35)-> UJEWSNA040 -> DK_ADDISON_TX",8.145,3.99,0.0,1:1lzmtIVxIUoMZQ/3Aa/loW2+ITw=,3,False
576,UURWMEA120,DK_ADELANTO_CA,"UURWMEA120 -> UJEWMEA030 ->(0.5, N/A)-> UJEWMEA040 ->(2.5, 0.64)-> UJPWMEC010 -> [UJP_MESH] -> UJPWBCK010 ->(14.63, 6.8)-> UJEWNIS040 ->(2.5, 0.87)-> UJEWLOA030 -> DK_ADELANTO_CA",20.130000000000003,8.309999999999999,0.0,1:E1bLAqSi07TudST0Yoo+VxWMS0E=,1,False
577,UURWMEA120,DK_AKRON_OH,"UURWMEA120 -> UJEWMEA030 ->(0.5, N/A)-> UJEWMEA040 ->(2.5, 0.64)-> UJPWMEC010 ->(0.34, N/A)-> UJEWMEC030 ->(0.5, N/A)-> UJEWMEC040 -> DK_AKRON_OH",3.84,0.64,0.0,1:h9NPj3jNMTtnjaIQvGHRFeDVk/4=,2,False
578,UURWMEA120,DK_AMARILLO_TX,"UURWMEA120 -> UJEWMEA030 ->(0.5, N/A)-> UJEWMEA040 ->(2.5, 0.64)-> UJPWMEC010 -> [UJP_MESH] -> UJPWTIN010 ->(5.14, 3.35)-> UJEWSNA040 -> DK_AMARILLO_TX",8.145,3.99,0.0,1:X/ua2kHe5b2pZaE1ptlFtEEclWA=,3,False
579,UURWMEA120,DK_ANDOVER_MA,"UURWMEA120 -> UJEWMEA030 ->(0.5, N/A)-> UJEWMEA040 ->(5.0, 2.98)-> UJEWHAN030 -> DK_ANDOVER_MA",5.5,2.98,0.0,1:JejxwXLqWtSUK+szz0B/UT/FZzI=,3,False
580,UURWMEA120,DK_ANNAPOLS_MD,"UURWMEA120 -> UJEWMEA030 ->(0.5, N/A)-> UJEWMEA040 -> DK_ANNAPOLS_MD",0.5,0.0,0.0,1:0HsPoFSbuKumpnCVTphkOk3xaEo=,5,False
581,UURWMEA120,DK_ARLINGTN_TX,"UURWMEA120 -> UJEWMEA030 ->(0.5, N/A)-> UJEWMEA040 ->(2.5, 0.64)-> UJPWMEC010 -> [UJP_MESH] -> UJPWTIN010 ->(5.14, 3.35)-> UJEWSNA040 -> DK_ARLINGTN_TX",8.145,3.99,0.0,1:52rUzJuWkjL6HZOt88oOZ0gm128=,3,False
582,UURWMEA120,DK_ARLNGTNG_VA,"UURWMEA120 -> UJEWMEA030 ->(0.5, N/A)-> UJEWMEA040 -> DK_ARLNGTNG_VA",0.5,0.0,0.0,1:BAi4nIfjM0B63CyycgNWSBE8Lrw=,3,False
583,UURWMEA120,DK_ASHBURN_VA,"UURWMEA120 -> UJEWMEA030 ->(0.5, 0.18)-> UJPWPNT010 ->(0.52, N/A)-> UJEWPNT030 ->(0.5, N/A)-> UJEWPNT040 -> DK_ASHBURN_VA",1.52,0.18,0.0,1:+XkrmviWQ2htenDEIBvDaD1+6TQ=,17,False
584,UURWMEA120,DK_ASHEVILL_NC,"UURWMEA120 -> UJEWMEA030 ->(0.5, 0.18)-> UJPWPNT010 -> [UJP_MESH] -> UJPWBRA010 ->(0.38, N/A)-> UJEWBRA030 ->(4.5, 1.72)-> UJEWGOR030 ->(0.5, N/A)-> UJEWGOR040 -> DK_ASHEVILL_NC",5.875,1.9,0.0,1:R8lXcXncuLlma4tXM2UwvAhUrMQ=,2,False
585,UURWMEA120,DK_ATLANTA_GA,"UURWMEA120 -> UJEWMEA030 ->(0.5, 0.18)-> UJPWPNT010 -> [UJP_MESH] -> UJPWBRA010 ->(0.38, N/A)-> UJEWBRA030 ->(4.5, 1.72)-> UJEWGOR030 ->(0.5, N/A)-> UJEWGOR040 -> DK_ATLANTA_GA",5.875,1.9,0.0,1:47t7vA2uk3ox/LvlPmaatO2r5c8=,3,False
586,UURWMEA120,DK_AUSTIN_TX,"UURWMEA120 -> UJEWMEA030 ->(0.5, N/A)-> UJEWMEA040 ->(2.5, 0.64)-> UJPWMEC010 -> [UJP_MESH] -> UJPWTIN010 ->(5.14, 3.35)-> UJEWSNA040 -> DK_AUSTIN_TX",8.145,3.99,0.0,1:8JGcq3IKK+RAp+JDN40XIdSP1O0=,3,False
587,UURWMEA120,DK_BAEGRNLW_NY,"UURWMEA120 -> UJEWMEA030 ->(0.5, N/A)-> UJEWMEA040 ->(2.0, 0.82)-> UJEWPHI030 -> DK_BAEGRNLW_NY",2.5,0.82,0.0,1:4zmBoxI3P5atmYS1sbrsy5ZU0Do=,3,False
588,UURWMEA120,DK_BEALAFB_CA,"UURWMEA120 -> UJEWMEA030 ->(0.5, N/A)-> UJEWMEA040 ->(2.5, 0.64)-> UJPWMEC010 -> [UJP_MESH] -> UJPWBEA010 ->(0.34, N/A)-> UJEWBEA030 ->(0.5, N/A)-> UJEWBEA040 -> DK_BEALAFB_CA",3.8449999999999998,0.64,0.0,1:ZuxJpxduVeH5NwpJhxHb5eanuCQ=,2,False
589,UURWMEA120,DK_BLOOMFLD_CT,"UURWMEA120 -> UJEWMEA030 ->(0.5, N/A)-> UJEWMEA040 ->(2.0, 0.82)-> UJEWPHI030 -> DK_BLOOMFLD_CT",2.5,0.82,0.0,1:A1dzizrYpGJ9/HeMab+EO6g6Bjs=,3,False
590,UURWMEA120,DK_CAMBRIDG_MA,"UURWMEA120 -> UJEWMEA030 ->(0.5, N/A)-> UJEWMEA040 ->(2.5, 0.64)-> UJPWMEC010 ->(0.34, N/A)-> UJEWMEC030 -> DK_CAMBRIDG_MA",3.34,0.64,0.0,1:/cZXvLaWlOykjMaRd7cSsYomhd0=,3,False
591,UURWMEA120,DK_CAMDEN_AR,"UURWMEA120 -> UJEWMEA030 ->(0.5, N/A)-> UJEWMEA040 ->(2.5, 0.64)-> UJPWMEC010 -> [UJP_MESH] -> UJPWTIN010 ->(5.14, 3.35)-> UJEWSNA040 -> DK_CAMDEN_AR",8.145,3.99,0.0,1:f87JFb+N0XLpzFQBtE7gYDa/MHA=,3,False
592,UURWMEA120,DK_CAMDEN_NJ,"UURWMEA120 -> UJEWMEA030 ->(0.5, N/A)-> UJEWMEA040 ->(2.0, 0.82)-> UJEWPHI030 -> DK_CAMDEN_NJ",2.5,0.82,0.0,1:NzhNzvJUr109tOYq3uzI5ACjpgE=,3,False
593,UURWMEA120,DK_CCKYSVLL_MD,"UURWMEA120 -> UJEWMEA030 ->(0.5, N/A)-> UJEWMEA040 -> DK_CCKYSVLL_MD",0.5,0.0,0.0,1:HmMrx6hsruWOF3w/WC/KgwG1/L8=,3,False
594,UURWMEA120,DK_CEDRRPDS_IA,"UURWMEA120 -> UJEWMEA030 ->(0.5, N/A)-> UJEWMEA040 ->(2.5, 0.64)-> UJPWMEC010 -> [UJP_MESH] -> UJPWWPA010 ->(0.34, N/A)-> UJEWWPA030 ->(0.5, N/A)-> UJEWWPA040 -> DK_CEDRRPDS_IA",3.835,0.64,0.0,1:Lqig+9kOaMS/o27/90blPmhEilg=,3,False
595,UURWMEA120,DK_CHANTLLY_VA,"UURWMEA120 -> UJEWMEA030 ->(0.5, N/A)-> UJEWMEA040 -> DK_CHANTLLY_VA",0.5,0.0,0.0,1:77rKN75DOzZrpAvUxoIzE+vPU0o=,3,False
596,UURWMEA120,DK_CHICOPEE_MA,"UURWMEA120 -> UJEWMEA030 ->(0.5, N/A)-> UJEWMEA040 ->(5.0, 2.98)-> UJEWHAN030 -> DK_CHICOPEE_MA",5.5,2.98,0.0,1:Sdr2d6gZkG8SekP7KvExQXA1mKI=,3,False
597,UURWMEA120,DK_CINCINNT_OH,"UURWMEA120 -> UJEWMEA030 ->(0.5, N/A)-> UJEWMEA040 ->(2.5, 0.64)-> UJPWMEC010 -> [UJP_MESH] -> UJPWWPA010 ->(0.34, N/A)-> UJEWWPA030 ->(0.5, N/A)-> UJEWWPA040 ->(2.0, 1.36)-> UJEWKNO040 ->(0.5, N/A)-> UJEWKNO030 -> DK_CINCINNT_OH",6.335,2.0,0.0,1:BovYRoOUnkdTJoAsitK/sOYem+U=,5,False
598,UURWMEA120,DK_CLAYKSRN_DE,"UURWMEA120 -> UJEWMEA030 ->(0.5, 0.18)-> UJPWPNT010 -> [UJP_MESH] -> UJPEWBM010 ->(0.28, N/A)-> UJEEWBM030 -> DK_CLAYKSRN_DE",0.7849999999999999,0.18,0.0,1:KE1vSvWs5vnt1neRiOJkqpA0YWY=,5,False
599,UURWMEA120,DK_CLEARWTR_FL,"UURWMEA120 -> UJEWMEA030 ->(0.5, 0.18)-> UJPWPNT010 -> [UJP_MESH] -> UJPWBRA010 ->(0.38, N/A)-> UJEWBRA030 ->(4.5, 1.72)-> UJEWGOR030 ->(0.5, N/A)-> UJEWGOR040 -> DK_CLEARWTR_FL",5.875,1.9,0.0,1:1l5/nj6JlhYQGD7jDE8lag9FSoE=,3,False
600,UURWMEA120,DK_CLEVELND_OH,"UURWMEA120 -> UJEWMEA030 ->(0.5, N/A)-> UJEWMEA040 ->(2.5, 0.64)-> UJPWMEC010 -> [UJP_MESH] -> UJPWWPA010 ->(0.34, N/A)-> UJEWWPA030 ->(0.5, N/A)-> UJEWWPA040 ->(2.0, 1.36)-> UJEWKNO040 ->(0.5, N/A)-> UJEWKNO030 -> DK_CLEVELND_OH",6.335,2.0,0.0,1:Of4V7hC0pNNI3gUevYoFlQhmcmg=,3,False
601,UURWMEA120,DK_CLIFTON_NJ,"UURWMEA120 -> UJEWMEA030 ->(0.5, N/A)-> UJEWMEA040 ->(2.5, 0.64)-> UJPWMEC010 ->(0.34, N/A)-> UJEWMEC030 -> DK_CLIFTON_NJ",3.34,0.64,0.0,1:9B43dwRK0CNCoWCXALU6xONxSqk=,3,False
602,UURWMEA120,DK_COLUMBUS_OH,"UURWMEA120 -> UJEWMEA030 ->(0.5, N/A)-> UJEWMEA040 ->(2.5, 0.64)-> UJPWMEC010 ->(4.97, 2.55)-> UJEWCOL030 -> DK_COLUMBUS_OH",7.975,3.19,0.0,1:FJtQmQ8TGzQDoolzNTLuWrVOGEM=,4,True
603,UURWMEA120,DK_COLUMBUS_OH,"UURWMEA120 -> UJEWMEA030 ->(0.5, N/A)-> UJEWMEA040 ->(2.5, 0.64)-> UJPWMEC010 ->(4.97, 2.55)-> UJEWCOL030 ->(0.5, N/A)-> UJEWCOL040 -> DK_COLUMBUS_OH",8.475,3.19,0.5,1:2CHWS7u28iukKGRUyD9lyCtUcxQ=,4,True
604,UURWMEA120,DK_CORAOPLS_PA,"UURWMEA120 -> UJEWMEA030 ->(0.5, N/A)-> UJEWMEA040 ->(2.5, 0.64)-> UJPWMEC010 ->(0.34, N/A)-> UJEWMEC030 -> DK_CORAOPLS_PA",3.34,0.64,0.0,1:C0Fzso95/gZwMFZS/oHqjwi9iw4=,1,False
605,UURWMEA120,DK_CRANSTON_RI,"UURWMEA120 -> UJEWMEA030 ->(0.5, N/A)-> UJEWMEA040 ->(2.5, 0.64)-> UJPWMEC010 ->(0.34, N/A)-> UJEWMEC030 -> DK_CRANSTON_RI",3.34,0.64,0.0,1:gC6A83lI1x7fsapCCgzsJyR8N38=,3,False
606,UURWMEA120,DK_CRESTVIW_FL,"UURWMEA120 -> UJEWMEA030 ->(0.5, 0.18)-> UJPWPNT010 -> [UJP_MESH] -> UJPWBRA010 ->(0.38, N/A)-> UJEWBRA030 ->(6.5, 3.0)-> UJEWJKV030 -> DK_CRESTVIW_FL",7.375,3.18,0.0,1:4eroumiH44/lPEjvTlXfEzDU3RU=,3,False
607,UURWMEA120,DK_DALLAS_TX,"UURWMEA120 -> UJEWMEA030 ->(0.5, N/A)-> UJEWMEA040 ->(2.5, 0.64)-> UJPWMEC010 -> [UJP_MESH] -> UJPWTIN010 ->(5.14, 3.35)-> UJEWSNA040 -> DK_DALLAS_TX",8.145,3.99,0.0,1:5B2dl3Oz4FKYQaZK6vYSFBJBSkw=,3,False
608,UURWMEA120,DK_DCFBRCTR_NJ,"UURWMEA120 -> UJEWMEA030 ->(0.5, N/A)-> UJEWMEA040 ->(2.0, 0.82)-> UJEWPHI030 -> DK_DCFBRCTR_NJ",2.5,0.82,0.0,1:E+Z55UOAhDLdsvgd0ZN1zaFiPcs=,2,False
609,UURWMEA120,DK_DCMABLDN_NV,"UURWMEA120 -> UJEWMEA030 ->(0.5, N/A)-> UJEWMEA040 ->(2.5, 0.64)-> UJPWMEC010 -> [UJP_MESH] -> UJPWBEA010 ->(0.34, N/A)-> UJEWBEA030 ->(0.5, N/A)-> UJEWBEA040 -> DK_DCMABLDN_NV",3.8449999999999998,0.64,0.0,1:JaYwf4DvZRujP94yxnJ59Pd22Go=,3,False
610,UURWMEA120,DK_DCMAEAPW_CT,"UURWMEA120 -> UJEWMEA030 ->(0.5, N/A)-> UJEWMEA040 ->(5.0, 2.98)-> UJEWHAN030 -> DK_DCMAEAPW_CT",5.5,2.98,0.0,1:kxnO6SWkcCZQXMFUtkEr6cZy8Lg=,3,False
611,UURWMEA120,DK_DCMAPWNW_ME,"UURWMEA120 -> UJEWMEA030 ->(0.5, N/A)-> UJEWMEA040 ->(2.0, 0.82)-> UJEWPHI030 -> DK_DCMAPWNW_ME",2.5,0.82,0.0,1:A7lD4faK9KiI4KdDX1POzm7vFk0=,3,False
612,UURWMEA120,DK_DCMAVRGN_VT,"UURWMEA120 -> UJEWMEA030 ->(0.5, N/A)-> UJEWMEA040 ->(2.5, 0.64)-> UJPWMEC010 ->(0.34, N/A)-> UJEWMEC030 -> DK_DCMAVRGN_VT",3.34,0.64,0.0,1:6H94vFj6le3Dgb2I0olOqJw9pxw=,3,False
613,UURWMEA120,DK_DDCSSQHN_PA,"UURWMEA120 -> UJEWMEA030 ->(0.5, N/A)-> UJEWMEA040 ->(3.0, 0.63)-> UJEWNCL040 ->(0.5, N/A)-> UJEWNCL030 -> DK_DDCSSQHN_PA",4.0,0.63,0.0,1:43FJ/kH8gn+d0CE0/0pIV6uWZQs=,3,False
614,UURWMEA120,DK_DECATUR_AL,"UURWMEA120 -> UJEWMEA030 ->(0.5, 0.18)-> UJPWPNT010 -> [UJP_MESH] -> UJPWBRA010 ->(0.38, N/A)-> UJEWBRA030 ->(4.5, 1.72)-> UJEWGOR030 ->(0.5, N/A)-> UJEWGOR040 -> DK_DECATUR_AL",5.875,1.9,0.0,1:3aEEP9SR6+33CTAqRZI/Oo4/QYE=,3,False
615,UURWMEA120,DK_EARLENWS_NJ,"UURWMEA120 -> UJEWMEA030 ->(0.5, N/A)-> UJEWMEA040 ->(5.0, 2.98)-> UJEWHAN030 -> DK_EARLENWS_NJ",5.5,2.98,0.0,1:8pgYv722v7FW7PNT3ylf+3CjDFs=,3,False
616,UURWMEA120,DK_EAURORA_NY,"UURWMEA120 -> UJEWMEA030 ->(0.5, N/A)-> UJEWMEA040 ->(2.5, 0.64)-> UJPWMEC010 ->(0.34, N/A)-> UJEWMEC030 -> DK_EAURORA_NY",3.34,0.64,0.0,1:/y49mKeMQcuWMBOxhrmoCgnadj8=,2,False
617,UURWMEA120,DK_EGLINAFB_FL,"UURWMEA120 -> UJEWMEA030 ->(0.5, 0.18)-> UJPWPNT010 -> [UJP_MESH] -> UJPWEGL010 ->(0.33, N/A)-> UJEWEGL030 -> DK_EGLINAFB_FL",0.8300000000000001,0.18,0.0,1:RIUB8rpmspLpCdeg8yAQqlYl11M=,3,False
618,UURWMEA120,DK_ELMT_CA,"UURWMEA120 -> UJEWMEA030 ->(0.5, N/A)-> UJEWMEA040 ->(2.5, 0.64)-> UJPWMEC010 -> [UJP_MESH] -> UJPWBCK010 ->(14.63, 6.8)-> UJEWNIS040 ->(2.5, 0.87)-> UJEWLOA030 -> DK_ELMT_CA",20.130000000000003,8.309999999999999,0.0,1:Jvu7vhd5fhuLiXEphKWioAiBy0k=,1,False
619,UURWMEA120,DK_EMTJBNFC_IN,"UURWMEA120 -> UJEWMEA030 ->(0.5, N/A)-> UJEWMEA040 ->(2.5, 0.64)-> UJPWMEC010 -> [UJP_MESH] -> UJPWWPA010 ->(0.34, N/A)-> UJEWWPA030 ->(N/A, 0.84)-> UJEWIND030 ->(0.5, N/A)-> UJEWIND040 -> DK_EMTJBNFC_IN",3.835,1.48,0.0,1:5mcsgNrSwsAwYUbWFEEVZM4EuPU=,3,False
620,UURWMEA120,DK_ENDICOTT_NY,"UURWMEA120 -> UJEWMEA030 ->(0.5, N/A)-> UJEWMEA040 ->(2.0, 0.82)-> UJEWPHI030 -> DK_ENDICOTT_NY",2.5,0.82,0.0,1:0FSwTUxnjUh1B3GYkPC0F6T9sNI=,3,True
621,UURWMEA120,DK_ENDICOTT_NY,"UURWMEA120 -> UJEWMEA030 ->(0.5, N/A)-> UJEWMEA040 ->(2.5, 0.64)-> UJPWMEC010 ->(0.34, N/A)-> UJEWMEC030 -> DK_ENDICOTT_NY",3.34,0.64,0.8399999999999999,1:/uj96a+sJmjWyuXu7KJ2+ogvY0E=,2,True
622,UURWMEA120,DK_FAIRFILD_CA,"UURWMEA120 -> UJEWMEA030 ->(0.5, N/A)-> UJEWMEA040 ->(2.5, 0.64)-> UJPWMEC010 -> [UJP_MESH] -> UJPWBEA010 ->(0.34, N/A)-> UJEWBEA030 ->(0.5, N/A)-> UJEWBEA040 -> DK_FAIRFILD_CA",3.8449999999999998,0.64,0.0,1:EUDR8OEqSYq0b7omYNlNUB5+4yE=,3,False
623,UURWMEA120,DK_FARMNGDL_NY,"UURWMEA120 -> UJEWMEA030 ->(0.5, N/A)-> UJEWMEA040 ->(2.0, 0.82)-> UJEWPHI030 -> DK_FARMNGDL_NY",2.5,0.82,0.0,1:/PbwfBO9oTkYQaYS2SZ1rXYyhJU=,3,False
624,UURWMEA120,DK_FLSCHRCH_VA,"UURWMEA120 -> UJEWMEA030 ->(0.5, 0.18)-> UJPWPNT010 ->(0.52, N/A)-> UJEWPNT030 -> DK_FLSCHRCH_VA",1.02,0.18,0.0,1:/RdMT7Eb+0If6R7kPsexWan3s6c=,3,False
625,UURWMEA120,DK_FTBLISS_TX,"UURWMEA120 -> UJEWMEA030 ->(0.5, N/A)-> UJEWMEA040 ->(2.5, 0.64)-> UJPWMEC010 -> [UJP_MESH] -> UJPWTIN010 ->(5.14, 3.35)-> UJEWSNA040 ->(5.0, 3.99)-> UJEWBLI040 ->(0.5, N/A)-> UJEWBLI030 -> DK_FTBLISS_TX",13.645,7.98,0.0,1:3rnY+5lNLqhVtS3dMX7uqnWIdto=,2,False
626,UURWMEA120,DK_FTEUSTIS_VA,"UURWMEA120 -> UJEWMEA030 ->(0.5, 0.18)-> UJPWPNT010 ->(2.73, 0.98)-> UJEWEUS040 -> DK_FTEUSTIS_VA",3.235,1.16,0.0,1:8os8exkf/HbaNXZ1k8JetUJDj5w=,3,False
627,UURWMEA120,DK_FTGRGADM_VA,"UURWMEA120 -> UJEWMEA030 ->(0.5, 0.18)-> UJPWPNT010 -> [UJP_MESH] -> UJPWBEL010 ->(0.34, N/A)-> UJEWBEL030 ->(2.0, 0.81)-> UJEWLEE030 -> DK_FTGRGADM_VA",2.8449999999999998,0.99,0.0,1:iUwwWnfefhTFpnYg1kD6IVmIFJA=,3,True
628,UURWMEA120,DK_FTGRGADM_VA,"UURWMEA120 -> UJEWMEA030 ->(0.5, 0.18)-> UJPWPNT010 -> [UJP_MESH] -> UJPWBEL010 ->(0.34, N/A)-> UJEWBEL030 ->(2.0, 0.81)-> UJEWLEE030 ->(0.5, N/A)-> UJEWLEE040 -> DK_FTGRGADM_VA",3.3449999999999998,0.99,0.5,1:B7mgNEDtSSOiz1n9aYGTX8YShtI=,4,True
629,UURWMEA120,DK_FTHUACHC_AZ,"UURWMEA120 -> UJEWMEA030 ->(0.5, N/A)-> UJEWMEA040 ->(2.5, 0.64)-> UJPWMEC010 -> [UJP_MESH] -> UJPWBCK010 ->(1.92, 0.58)-> UJEWCAR030 ->(0.5, N/A)-> UJEWCAR040 ->(9.5, 4.7)-> UJEWHUA040 -> DK_FTHUACHC_AZ",14.915,5.92,0.0,1:7om0itmmQWGS1e2uaR4+pCSSoKE=,5,True
630,UURWMEA120,DK_FTHUACHC_AZ,"UURWMEA120 -> UJEWMEA030 ->(0.5, N/A)-> UJEWMEA040 ->(2.5, 0.64)-> UJPWMEC010 -> [UJP_MESH] -> UJPWBCK010 ->(1.92, 0.58)-> UJEWCAR030 ->(0.5, N/A)-> UJEWCAR040 ->(9.5, 4.7)-> UJEWHUA040 ->(0.5, N/A)-> UJEWHUA030 -> DK_FTHUACHC_AZ",15.415,5.92,0.5,1:AHopCr7N9rJP/2Hx7+q5UhVdDZs=,4,True
631,UURWMEA120,DK_FTKNOX_KY,"UURWMEA120 -> UJEWMEA030 ->(0.5, N/A)-> UJEWMEA040 ->(2.5, 0.64)-> UJPWMEC010 -> [UJP_MESH] -> UJPWWPA010 ->(0.34, N/A)-> UJEWWPA030 ->(0.5, N/A)-> UJEWWPA040 ->(2.0, 1.36)-> UJEWKNO040 ->(0.5, N/A)-> UJEWKNO030 -> DK_FTKNOX_KY",6.335,2.0,0.0,1:HoSC8SiVysP++vwEFmencdDZQOY=,2,False
632,UURWMEA120,DK_FTSMHSTN_TX,"UURWMEA120 -> UJEWMEA030 ->(0.5, N/A)-> UJEWMEA040 ->(2.5, 0.64)-> UJPWMEC010 -> [UJP_MESH] -> UJPWTIN010 ->(0.35, N/A)-> UJEWTIN030 ->(0.5, N/A)-> UJEWTIN040 ->(5.0, 3.36)-> UJEWSHO040 -> DK_FTSMHSTN_TX",8.85,4.0,0.0,1:CetLuIB2Xe6EZ3qj5DVgWHgvAQk=,2,False
633,UURWMEA120,DK_FTWAYNE_IN,"UURWMEA120 -> UJEWMEA030 ->(0.5, N/A)-> UJEWMEA040 ->(2.5, 0.64)-> UJPWMEC010 -> [UJP_MESH] -> UJPWWPA010 ->(0.34, N/A)-> UJEWWPA030 ->(0.5, N/A)-> UJEWWPA040 -> DK_FTWAYNE_IN",3.835,0.64,0.0,1:74yXx+FhOhqKAPGnXBfpK4g7oWI=,3,False
634,UURWMEA120,DK_FTWORTH_TX,"UURWMEA120 -> UJEWMEA030 ->(0.5, N/A)-> UJEWMEA040 ->(2.5, 0.64)-> UJPWMEC010 -> [UJP_MESH] -> UJPWTIN010 ->(5.14, 3.35)-> UJEWSNA040 -> DK_FTWORTH_TX",8.145,3.99,0.0,1:K3swpCnLFJdLec4Vjs+FQwVIn7Y=,6,False
635,UURWMEA120,DK_FT_WORTH_TX,"UURWMEA120 -> UJEWMEA030 ->(0.5, N/A)-> UJEWMEA040 ->(2.5, 0.64)-> UJPWMEC010 -> [UJP_MESH] -> UJPWTIN010 ->(5.14, 3.35)-> UJEWSNA040 -> DK_FT_WORTH_TX",8.145,3.99,0.0,1:FqqNUqNIGOi4VSuQ6DubRWHQk80=,3,False
636,UURWMEA120,DK_GREENSBR_NC,"UURWMEA120 -> UJEWMEA030 ->(0.5, 0.18)-> UJPWPNT010 -> [UJP_MESH] -> UJPWBRA010 ->(0.38, N/A)-> UJEWBRA030 ->(4.5, 1.72)-> UJEWGOR030 ->(0.5, N/A)-> UJEWGOR040 -> DK_GREENSBR_NC",5.875,1.9,0.0,1:+fcTfwwXp8K/a2QYUf+cxMoOW68=,3,False
637,UURWMEA120,DK_GREENVLL_SC,"UURWMEA120 -> UJEWMEA030 ->(0.5, 0.18)-> UJPWPNT010 -> [UJP_MESH] -> UJPWBRA010 ->(0.38, N/A)-> UJEWBRA030 ->(6.5, 3.0)-> UJEWJKV030 -> DK_GREENVLL_SC",7.375,3.18,0.0,1:CwylTts4/0MIK7zuE63dmnZzS4U=,3,False
638,UURWMEA120,DK_GREENVLL_TX,"UURWMEA120 -> UJEWMEA030 ->(0.5, N/A)-> UJEWMEA040 ->(2.5, 0.64)-> UJPWMEC010 -> [UJP_MESH] -> UJPWTIN010 ->(5.14, 3.35)-> UJEWSNA040 -> DK_GREENVLL_TX",8.145,3.99,0.0,1:+L/ojPqbXMRLc1bErjPL75gJeVM=,3,False
639,UURWMEA120,DK_GRPRAIRI_TX,"UURWMEA120 -> UJEWMEA030 ->(0.5, N/A)-> UJEWMEA040 ->(2.5, 0.64)-> UJPWMEC010 -> [UJP_MESH] -> UJPWTIN010 ->(5.14, 3.35)-> UJEWSNA040 -> DK_GRPRAIRI_TX",8.145,3.99,0.0,1:+eUWBw9iahzfNQvTQ5EZD7L0geA=,6,False
640,UURWMEA120,DK_GRRAPIDS_MI,"UURWMEA120 -> UJEWMEA030 ->(0.5, N/A)-> UJEWMEA040 ->(2.5, 0.64)-> UJPWMEC010 -> [UJP_MESH] -> UJPWWPA010 ->(0.34, N/A)-> UJEWWPA030 ->(0.5, N/A)-> UJEWWPA040 -> DK_GRRAPIDS_MI",3.835,0.64,0.0,1:GiWQUVAdgUUuVghLjFqlTu0sRyQ=,3,False
641,UURWMEA120,DK_HARTFORD_CT,"UURWMEA120 -> UJEWMEA030 ->(0.5, N/A)-> UJEWMEA040 ->(5.0, 2.98)-> UJEWHAN030 -> DK_HARTFORD_CT",5.5,2.98,0.0,1:bvSNxnKVzJWRPYSusEt0ki/ulrA=,2,False
642,UURWMEA120,DK_HILLAFB_UT,"UURWMEA120 -> UJEWMEA030 ->(0.5, N/A)-> UJEWMEA040 ->(2.5, 0.64)-> UJPWMEC010 -> [UJP_MESH] -> UJPWBCK010 ->(N/A, 3.14)-> UJEWHIL140 -> DK_HILLAFB_UT",3.0,3.7800000000000002,0.0,1:DhOQWN3tYZD/aVM5Htrc+XEmhio=,5,False
643,UURWMEA120,DK_HNSCMAFB_MA,"UURWMEA120 -> UJEWMEA030 ->(0.5, N/A)-> UJEWMEA040 ->(5.0, 2.98)-> UJEWHAN030 -> DK_HNSCMAFB_MA",5.5,2.98,0.0,1:LNnezySvriVVcnTBAZYgb4NC5EI=,3,False
644,UURWMEA120,DK_HOLLISTR_CA,"UURWMEA120 -> UJEWMEA030 ->(0.5, N/A)-> UJEWMEA040 ->(2.5, 0.64)-> UJPWMEC010 -> [UJP_MESH] -> UJPWBEA010 ->(0.34, N/A)-> UJEWBEA030 ->(0.5, N/A)-> UJEWBEA040 -> DK_HOLLISTR_CA",3.8449999999999998,0.64,0.0,1:GNmZRkAmPfpnGQIay58T/n8Mqf4=,2,False
645,UURWMEA120,DK_HOUSTON_TX,"UURWMEA120 -> UJEWMEA030 ->(0.5, N/A)-> UJEWMEA040 ->(2.5, 0.64)-> UJPWMEC010 -> [UJP_MESH] -> UJPWTIN010 ->(5.14, 3.35)-> UJEWSNA040 -> DK_HOUSTON_TX",8.145,3.99,0.0,1:+UYdEq8jV37McCvSsUZ5R8aKPWo=,3,False
646,UURWMEA120,DK_HUDSON_NH,"UURWMEA120 -> UJEWMEA030 ->(0.5, N/A)-> UJEWMEA040 ->(5.0, 2.98)-> UJEWHAN030 -> DK_HUDSON_NH",5.5,2.98,0.0,1:9ls7cI3JsbjDOfLWY9coiD6L8zY=,3,False
647,UURWMEA120,DK_HUNTSVLL_AL,"UURWMEA120 -> UJEWMEA030 ->(0.5, 0.18)-> UJPWPNT010 -> [UJP_MESH] -> UJPWBRA010 ->(0.38, N/A)-> UJEWBRA030 ->(4.5, 1.72)-> UJEWGOR030 ->(0.5, N/A)-> UJEWGOR040 -> DK_HUNTSVLL_AL",5.875,1.9,0.0,1:C+1XzRE/7OJCM3kDisZ/ISaAxHM=,3,False
648,UURWMEA120,DK_INDINPLS_IN,"UURWMEA120 -> UJEWMEA030 ->(0.5, N/A)-> UJEWMEA040 ->(2.5, 0.64)-> UJPWMEC010 -> [UJP_MESH] -> UJPWWPA010 ->(0.34, N/A)-> UJEWWPA030 ->(0.5, N/A)-> UJEWWPA040 -> DK_INDINPLS_IN",3.835,0.64,0.5,1:OUNXVkvD8sy03uuLWWQezLv5/xE=,3,True
649,UURWMEA120,DK_INDINPLS_IN,"UURWMEA120 -> UJEWMEA030 ->(0.5, N/A)-> UJEWMEA040 ->(2.5, 0.64)-> UJPWMEC010 -> [UJP_MESH] -> UJPWWPA010 ->(0.34, N/A)-> UJEWWPA030 ->(N/A, 0.84)-> UJEWIND030 -> DK_INDINPLS_IN",3.335,1.48,0.0,1:0ECIRM5gTeBDyvS+RB+iO3a4n1E=,3,True
650,UURWMEA120,DK_JOHNSTWN_PA,"UURWMEA120 -> UJEWMEA030 ->(0.5, N/A)-> UJEWMEA040 ->(2.5, 0.64)-> UJPWMEC010 ->(0.34, N/A)-> UJEWMEC030 -> DK_JOHNSTWN_PA",3.34,0.64,0.0,1:E5ICUp816rgUeAKm7ZErJXkTlVE=,6,False
651,UURWMEA120,DK_JUPITER_FL,"UURWMEA120 -> UJEWMEA030 ->(0.5, 0.18)-> UJPWPNT010 -> [UJP_MESH] -> UJPWBRA010 ->(0.38, N/A)-> UJEWBRA030 ->(6.5, 3.0)-> UJEWJKV030 -> DK_JUPITER_FL",7.375,3.18,0.0,1:Qs/bokuRUVXunm/45V+lbJv+ToI=,3,False
652,UURWMEA120,DK_KELLEYBK_XX,"UURWMEA120 -> UJEWMEA030 ->(0.5, 0.18)-> UJPWPNT010 -> [UJP_MESH] -> UJPEPTM010 ->(0.6, 0.04)-> UJEEKLB040 ->(0.5, N/A)-> UJEEKLB030 -> DK_KELLEYBK_XX",1.6,0.22,0.0,1:92l+iDmHuaPaVph5wkeRkooihK8=,3,False
653,UURWMEA120,DK_KENTWOOD_MI,"UURWMEA120 -> UJEWMEA030 ->(0.5, N/A)-> UJEWMEA040 ->(2.5, 0.64)-> UJPWMEC010 -> [UJP_MESH] -> UJPWWPA010 ->(0.34, N/A)-> UJEWWPA030 ->(0.5, N/A)-> UJEWWPA040 -> DK_KENTWOOD_MI",3.835,0.64,0.0,1:HoGyYf/ucmPRmUTPYYCtsbma89U=,3,False
654,UURWMEA120,DK_KEYSER_WV,"UURWMEA120 -> UJEWMEA030 ->(0.5, N/A)-> UJEWMEA040 ->(2.5, 0.64)-> UJPWMEC010 -> [UJP_MESH] -> UJPWWPA010 ->(0.34, N/A)-> UJEWWPA030 ->(0.5, N/A)-> UJEWWPA040 ->(2.0, 1.36)-> UJEWKNO040 ->(0.5, N/A)-> UJEWKNO030 -> DK_KEYSER_WV",6.335,2.0,0.0,1:PLJ+YDymoeWyxYhkXiN5AzoGbA8=,2,False
655,UURWMEA120,DK_KNDYSPCN_FL,"UURWMEA120 -> UJEWMEA030 ->(0.5, 0.18)-> UJPWPNT010 -> [UJP_MESH] -> UJPWBRA010 ->(0.38, N/A)-> UJEWBRA030 ->(6.5, 3.0)-> UJEWJKV030 -> DK_KNDYSPCN_FL",7.375,3.18,0.0,1:+fzlnmfEM6tjNiau2XBWgJwIoYk=,3,False
656,UURWMEA120,DK_KNGOFPRS_PA,"UURWMEA120 -> UJEWMEA030 ->(0.5, N/A)-> UJEWMEA040 ->(2.5, 0.64)-> UJPWMEC010 ->(0.34, N/A)-> UJEWMEC030 -> DK_KNGOFPRS_PA",3.34,0.64,0.0,1:5w4B+K8WAoLEtCyy8PF1R52SwfU=,3,False
657,UURWMEA120,DK_KTLNDAFB_NM,"UURWMEA120 -> UJEWMEA030 ->(0.5, N/A)-> UJEWMEA040 ->(2.5, 0.64)-> UJPWMEC010 -> [UJP_MESH] -> UJPWBCK010 ->(1.92, 0.58)-> UJEWCAR030 ->(0.5, N/A)-> UJEWCAR040 ->(3.5, 2.18)-> UJEWKIR030 -> DK_KTLNDAFB_NM",8.915,3.4000000000000004,0.0,1:CldOyfHAV+b2VGtSIFyP5FzqHeM=,1,False
658,UURWMEA120,DK_LANDSDALE_PA,"UURWMEA120 -> UJEWMEA030 ->(0.5, N/A)-> UJEWMEA040 ->(2.0, 0.82)-> UJEWPHI030 -> DK_LANDSDALE_PA",2.5,0.82,0.0,1:Fk99iiwq8n5Y5uXh7V1uvrrw7uQ=,3,False
659,UURWMEA120,DK_LARGO_FL,"UURWMEA120 -> UJEWMEA030 ->(0.5, 0.18)-> UJPWPNT010 -> [UJP_MESH] -> UJPWBRA010 ->(0.38, N/A)-> UJEWBRA030 ->(6.5, 3.0)-> UJEWJKV030 -> DK_LARGO_FL",7.375,3.18,0.0,1:DA+kl1mu1eM01hAPiM632LA9MAU=,3,False
660,UURWMEA120,DK_LEXINGTN_KY,"UURWMEA120 -> UJEWMEA030 ->(0.5, 0.18)-> UJPWPNT010 ->(0.52, N/A)-> UJEWPNT030 -> DK_LEXINGTN_KY",1.02,0.18,0.0,1:CTmCnWIlysc6S3npWYHJDiPwxXI=,3,False
661,UURWMEA120,DK_LIMA_OH,"UURWMEA120 -> UJEWMEA030 ->(0.5, N/A)-> UJEWMEA040 ->(2.5, 0.64)-> UJPWMEC010 -> [UJP_MESH] -> UJPWWPA010 ->(0.34, N/A)-> UJEWWPA030 ->(0.5, N/A)-> UJEWWPA040 ->(2.0, 1.36)-> UJEWKNO040 ->(0.5, N/A)-> UJEWKNO030 -> DK_LIMA_OH",6.335,2.0,0.0,1:/eVhyn/1SRhjrWP/823LA7WrbTI=,3,False
662,UURWMEA120,DK_LIVERPOL_NY,"UURWMEA120 -> UJEWMEA030 ->(0.5, N/A)-> UJEWMEA040 ->(2.0, 0.82)-> UJEWPHI030 -> DK_LIVERPOL_NY",2.5,0.82,0.0,1:39OLxYl8fzLuNnHX0grTpGBWG2Q=,3,False
663,UURWMEA120,DK_LNTHCMHT_MD,"UURWMEA120 -> UJEWMEA030 ->(0.5, N/A)-> UJEWMEA040 -> DK_LNTHCMHT_MD",0.5,0.0,0.0,1:40FxREFIgk7LAnz7npqW7E2axmU=,3,False
664,UURWMEA120,DK_LOUISVLL_KY,"UURWMEA120 -> UJEWMEA030 ->(0.5, N/A)-> UJEWMEA040 ->(2.5, 0.64)-> UJPWMEC010 -> [UJP_MESH] -> UJPWWPA010 ->(0.34, N/A)-> UJEWWPA030 ->(0.5, N/A)-> UJEWWPA040 ->(2.0, 1.36)-> UJEWKNO040 ->(0.5, N/A)-> UJEWKNO030 -> DK_LOUISVLL_KY",6.335,2.0,0.0,1:+X7UsFLU6OvE9RtHfrLsngRPTP8=,2,False
665,UURWMEA120,DK_LTKNYDPT_PA,"UURWMEA120 -> UJEWMEA030 ->(0.5, N/A)-> UJEWMEA040 ->(N/A, 0.64)-> UJEWLED030 -> DK_LTKNYDPT_PA",0.5,0.64,0.0,1:7y5tM86aImfBuYO743LzHVU0ebA=,5,True
666,UURWMEA120,DK_LTKNYDPT_PA,"UURWMEA120 -> UJEWMEA030 ->(0.5, N/A)-> UJEWMEA040 ->(N/A, 0.64)-> UJEWLED030 ->(0.5, N/A)-> UJEWLED040 -> DK_LTKNYDPT_PA",1.0,0.64,0.5,1:IBSy9ulwT6YfMFDIwTcQea+V3a4=,4,True
667,UURWMEA120,DK_LUFKIN_TX,"UURWMEA120 -> UJEWMEA030 ->(0.5, N/A)-> UJEWMEA040 ->(2.5, 0.64)-> UJPWMEC010 -> [UJP_MESH] -> UJPWTIN010 ->(5.14, 3.35)-> UJEWSNA040 -> DK_LUFKIN_TX",8.145,3.99,0.0,1:1hgjM0gd41IcN9dfq+b0+Z9+Bng=,2,False
668,UURWMEA120,DK_LUKEAFB_AZ,"UURWMEA120 -> UJEWMEA030 ->(0.5, N/A)-> UJEWMEA040 ->(2.5, 0.64)-> UJPWMEC010 -> [UJP_MESH] -> UJPWBCK010 ->(14.63, 6.8)-> UJEWNIS040 ->(0.5, N/A)-> UJEWNIS030 ->(4.0, 2.29)-> UJEWLUK030 -> DK_LUKEAFB_AZ",22.130000000000003,9.73,0.0,1:09s7KKnkZopSvByYab7TDoebFeg=,3,False
669,UURWMEA120,DK_LYNN_MA,"UURWMEA120 -> UJEWMEA030 ->(0.5, N/A)-> UJEWMEA040 ->(2.5, 0.64)-> UJPWMEC010 ->(0.34, N/A)-> UJEWMEC030 -> DK_LYNN_MA",3.34,0.64,0.0,1:Zu+oe5FXFZ6nuGGMJeRWTKRNX9c=,3,False
670,UURWMEA120,DK_MALABAR_FL,"UURWMEA120 -> UJEWMEA030 ->(0.5, 0.18)-> UJPWPNT010 -> [UJP_MESH] -> UJPWBRA010 ->(0.38, N/A)-> UJEWBRA030 ->(6.5, 3.0)-> UJEWJKV030 -> DK_MALABAR_FL",7.375,3.18,0.0,1:+sO8YMY1TjLXiYmK1kQcJA3EXWQ=,3,False
671,UURWMEA120,DK_MANASSAS_VA,"UURWMEA120 -> UJEWMEA030 ->(0.5, N/A)-> UJEWMEA040 -> DK_MANASSAS_VA",0.5,0.0,0.0,1:EtA26C6BVNnWgWap7qvkRqFhp08=,3,False
672,UURWMEA120,DK_MANCHSTR_NH,"UURWMEA120 -> UJEWMEA030 ->(0.5, N/A)-> UJEWMEA040 ->(5.0, 2.98)-> UJEWHAN030 -> DK_MANCHSTR_NH",5.5,2.98,0.0,1:F0n5Kd9KAAB5B801w362Lx9DOiw=,2,False
673,UURWMEA120,DK_MARIETTA_GA,"UURWMEA120 -> UJEWMEA030 ->(0.5, 0.18)-> UJPWPNT010 -> [UJP_MESH] -> UJPWBRA010 ->(0.38, N/A)-> UJEWBRA030 ->(4.5, 1.72)-> UJEWGOR030 ->(0.5, N/A)-> UJEWGOR040 -> DK_MARIETTA_GA",5.875,1.9,0.0,1:qjMcJP3c/DbPt+TZ1iURvAKpeNs=,1,False
674,UURWMEA120,DK_MARLBORO_MA,"UURWMEA120 -> UJEWMEA030 ->(0.5, N/A)-> UJEWMEA040 ->(2.5, 0.64)-> UJPWMEC010 ->(0.34, N/A)-> UJEWMEC030 -> DK_MARLBORO_MA",3.34,0.64,0.0,1:G4tB/LjuQB4E3esPcVS0sWLNit4=,3,False
675,UURWMEA120,DK_MCDLLAFB_FL,"UURWMEA120 -> UJEWMEA030 ->(0.5, 0.18)-> UJPWPNT010 -> [UJP_MESH] -> UJPWBRA010 ->(0.38, N/A)-> UJEWBRA030 ->(6.5, 3.0)-> UJEWJKV030 ->(0.5, N/A)-> UJEWJKV040 ->(N/A, 1.39)-> UJEWMAC040 -> DK_MCDLLAFB_FL",7.875,4.57,0.0,1:FWBSXOXQxLhiC4YtXdqeYiZ6vqw=,4,True
676,UURWMEA120,DK_MCDLLAFB_FL,"UURWMEA120 -> UJEWMEA030 ->(0.5, 0.18)-> UJPWPNT010 -> [UJP_MESH] -> UJPWBRA010 ->(0.38, N/A)-> UJEWBRA030 ->(6.5, 3.0)-> UJEWJKV030 ->(0.5, N/A)-> UJEWJKV040 ->(N/A, 1.39)-> UJEWMAC040 ->(0.5, N/A)-> UJEWMAC030 -> DK_MCDLLAFB_FL",8.375,4.57,0.5,1:HEcfKu/wdB7s6C2tJoIP9zskAy0=,4,True
677,UURWMEA120,DK_MCKINNEY_TX,"UURWMEA120 -> UJEWMEA030 ->(0.5, N/A)-> UJEWMEA040 ->(2.5, 0.64)-> UJPWMEC010 -> [UJP_MESH] -> UJPWTIN010 ->(5.14, 3.35)-> UJEWSNA040 -> DK_MCKINNEY_TX",8.145,3.99,0.0,1:8unsJ/DtP5akvgZJatEVRm/0mS0=,3,False
678,UURWMEA120,DK_MCLEAN_VA,"UURWMEA120 -> UJEWMEA030 ->(0.5, 0.18)-> UJPWPNT010 ->(0.52, N/A)-> UJEWPNT030 -> DK_MCLEAN_VA",1.02,0.18,0.0,1:6CpwxDZ4+AFFngvbAoBgNrTD6o8=,3,False
679,UURWMEA120,DK_MELBOURN_FL,"UURWMEA120 -> UJEWMEA030 ->(0.5, 0.18)-> UJPWPNT010 -> [UJP_MESH] -> UJPWBRA010 ->(0.38, N/A)-> UJEWBRA030 ->(6.5, 3.0)-> UJEWJKV030 -> DK_MELBOURN_FL",7.375,3.18,0.0,1:+mKfONow3QhHv7czVa/1HTPqJdU=,9,False
680,UURWMEA120,DK_MIESAUAD_DE,"UURWMEA120 -> UJEWMEA030 ->(0.5, 0.18)-> UJPWPNT010 -> [UJP_MESH] -> UJPEPTM010 ->(1.45, 0.67)-> UJEELTM030 -> DK_MIESAUAD_DE",1.945,0.8500000000000001,0.0,1:/h4f9uV9C4Rt6JAA/G8U6BMUDBM=,3,False
681,UURWMEA120,DK_MONROVLL_PA,"UURWMEA120 -> UJEWMEA030 ->(0.5, N/A)-> UJEWMEA040 ->(2.5, 0.64)-> UJPWMEC010 ->(0.34, N/A)-> UJEWMEC030 -> DK_MONROVLL_PA",3.34,0.64,0.0,1:2tZJAy5r2DfG8i1MA/H5i9/OwtY=,3,False
682,UURWMEA120,DK_MOORSTWN_NJ,"UURWMEA120 -> UJEWMEA030 ->(0.5, N/A)-> UJEWMEA040 ->(5.0, 2.98)-> UJEWHAN030 -> DK_MOORSTWN_NJ",5.5,2.98,0.0,1:6AGBsqAHFro6090tMnL3d6orIhM=,3,False
683,UURWMEA120,DK_NASHUA_NH,"UURWMEA120 -> UJEWMEA030 ->(0.5, N/A)-> UJEWMEA040 ->(5.0, 2.98)-> UJEWHAN030 -> DK_NASHUA_NH",5.5,2.98,0.0,1:+EOHtwvdMQvlKyrhLAagXLaV5nE=,3,False
684,UURWMEA120,DK_NORIDGE_CA,"UURWMEA120 -> UJEWMEA030 ->(0.5, N/A)-> UJEWMEA040 ->(2.5, 0.64)-> UJPWMEC010 -> [UJP_MESH] -> UJPWBCK010 ->(14.63, 6.8)-> UJEWNIS040 ->(2.5, 0.87)-> UJEWLOA030 -> DK_NORIDGE_CA",20.130000000000003,8.309999999999999,0.0,1:+IAwdAANqBHaQGLzOsSybx6QT5Y=,1,False
685,UURWMEA120,DK_NRTHAPTN_MA,"UURWMEA120 -> UJEWMEA030 ->(0.5, N/A)-> UJEWMEA040 ->(2.5, 0.64)-> UJPWMEC010 ->(0.34, N/A)-> UJEWMEC030 -> DK_NRTHAPTN_MA",3.34,0.64,0.0,1:PGcbFK0Ok6jbflnVIgJfUcffck4=,3,False
686,UURWMEA120,DK_NSAMCNCS_PA,"UURWMEA120 -> UJEWMEA030 ->(0.5, N/A)-> UJEWMEA040 ->(2.5, 0.64)-> UJPWMEC010 ->(0.34, N/A)-> UJEWMEC030 -> DK_NSAMCNCS_PA",3.34,0.64,0.0,1:8CLiFWPcdUjbsqqFXga226Xrp7M=,11,True
687,UURWMEA120,DK_NSAMCNCS_PA,"UURWMEA120 -> UJEWMEA030 ->(0.5, N/A)-> UJEWMEA040 ->(2.5, 0.64)-> UJPWMEC010 ->(0.34, N/A)-> UJEWMEC030 ->(0.5, N/A)-> UJEWMEC040 -> DK_NSAMCNCS_PA",3.84,0.64,0.5,1:/qLbWh2yY2ETyMIvTC13MDo/uv0=,5,True
688,UURWMEA120,DK_OCALA_FL,"UURWMEA120 -> UJEWMEA030 ->(0.5, 0.18)-> UJPWPNT010 -> [UJP_MESH] -> UJPWBRA010 ->(0.38, N/A)-> UJEWBRA030 ->(6.5, 3.0)-> UJEWJKV030 -> DK_OCALA_FL",7.375,3.18,0.0,1:FKSLPuRtuIcuGvGGr6oqqG9LqIs=,3,False
689,UURWMEA120,DK_OKLAHMCY_OK,"UURWMEA120 -> UJEWMEA030 ->(0.5, N/A)-> UJEWMEA040 ->(2.5, 0.64)-> UJPWMEC010 -> [UJP_MESH] -> UJPWTIN010 ->(5.14, 3.35)-> UJEWSNA040 -> DK_OKLAHMCY_OK",8.145,3.99,0.0,1:C1fFPYw3I2pYwq6E+EtCum+7ON0=,6,False
690,UURWMEA120,DK_OLDSMAR_FL,"UURWMEA120 -> UJEWMEA030 ->(0.5, 0.18)-> UJPWPNT010 -> [UJP_MESH] -> UJPWBRA010 ->(0.38, N/A)-> UJEWBRA030 ->(6.5, 3.0)-> UJEWJKV030 -> DK_OLDSMAR_FL",7.375,3.18,0.0,1:Ld9Jp4sJQWgSZe64H59aTQK+s8I=,3,False
691,UURWMEA120,DK_ORLANDO_FL,"UURWMEA120 -> UJEWMEA030 ->(0.5, 0.18)-> UJPWPNT010 -> [UJP_MESH] -> UJPWBRA010 ->(0.38, N/A)-> UJEWBRA030 ->(4.5, 1.72)-> UJEWGOR030 ->(0.5, N/A)-> UJEWGOR040 -> DK_ORLANDO_FL",5.875,1.9,0.0,1:EFv5Lh+4uwTz7/H9E4wP/W5zC/U=,3,True
692,UURWMEA120,DK_ORLANDO_FL,"UURWMEA120 -> UJEWMEA030 ->(0.5, 0.18)-> UJPWPNT010 -> [UJP_MESH] -> UJPWBRA010 ->(0.38, N/A)-> UJEWBRA030 ->(6.5, 3.0)-> UJEWJKV030 -> DK_ORLANDO_FL",7.375,3.18,1.5,1:2VLp0dO0U3Dk6ZeyJItzFrDReYA=,9,True
693,UURWMEA120,DK_OSHKOSH_WI,"UURWMEA120 -> UJEWMEA030 ->(0.5, N/A)-> UJEWMEA040 ->(2.5, 0.64)-> UJPWMEC010 -> [UJP_MESH] -> UJPWWPA010 ->(0.34, N/A)-> UJEWWPA030 ->(0.5, N/A)-> UJEWWPA040 -> DK_OSHKOSH_WI",3.835,0.64,0.0,1:dY9c3XYlxiznBN72mRPGhapopvM=,3,False
694,UURWMEA120,DK_OTTAWA_CA,"UURWMEA120 -> UJEWMEA030 ->(N/A, 2.79)-> UJEWDRU030 ->(1.0, N/A)-> UJEWDRU040 -> DK_OTTAWA_CA",1.0,2.79,0.0,1:B+ZlUptJb+HK81F8x2aQYnFXqz0=,3,False
695,UURWMEA120,DK_PASADENA_TX,"UURWMEA120 -> UJEWMEA030 ->(0.5, N/A)-> UJEWMEA040 ->(2.5, 0.64)-> UJPWMEC010 -> [UJP_MESH] -> UJPWTIN010 ->(5.14, 3.35)-> UJEWSNA040 -> DK_PASADENA_TX",8.145,3.99,0.0,1:CYqFn9TNuXRYhz7+n8BoGVdDB44=,3,False
696,UURWMEA120,DK_PATCHBK_DE,"UURWMEA120 -> UJEWMEA030 ->(0.5, 0.18)-> UJPWPNT010 -> [UJP_MESH] -> UJPEPTM010 ->(0.29, N/A)-> UJEEPTM030 -> DK_PATCHBK_DE",0.79,0.18,0.0,1:7/cwwftBlA8+UrGVrp7udrxL7ek=,4,True
697,UURWMEA120,DK_PATCHBK_DE,"UURWMEA120 -> UJEWMEA030 ->(0.5, 0.18)-> UJPWPNT010 -> [UJP_MESH] -> UJPEPTM010 ->(0.29, N/A)-> UJEEPTM030 ->(0.5, N/A)-> UJEEPTM040 -> DK_PATCHBK_DE",1.29,0.18,0.5,1:0P12rgOFi4w6x+Rmc302Z6uOxdM=,5,True
698,UURWMEA120,DK_PEASEANG_NH,"UURWMEA120 -> UJEWMEA030 ->(0.5, N/A)-> UJEWMEA040 ->(5.0, 2.98)-> UJEWHAN030 -> DK_PEASEANG_NH",5.5,2.98,0.0,1:VymzQ9IhxlMJ47h2wd1WFGd3i2Q=,3,False
699,UURWMEA120,DK_PENTAGON_DC,"UURWMEA120 -> UJEWMEA030 ->(0.5, 0.18)-> UJPWPNT010 ->(0.52, N/A)-> UJEWPNT030 -> DK_PENTAGON_DC",1.02,0.18,0.0,1:AWa0IWw+HbfvrvWsqBdf21WjmPU=,8,True
700,UURWMEA120,DK_PENTAGON_DC,"UURWMEA120 -> UJEWMEA030 ->(0.5, 0.18)-> UJPWPNT010 ->(0.52, N/A)-> UJEWPNT030 ->(0.5, N/A)-> UJEWPNT040 -> DK_PENTAGON_DC",1.52,0.18,0.5,1:Gcgc7mfSPDas20jJjYtw/zWYGq4=,4,True
701,UURWMEA120,DK_PHILDLPH_PA,"UURWMEA120 -> UJEWMEA030 ->(0.5, N/A)-> UJEWMEA040 ->(2.0, 0.82)-> UJEWPHI030 -> DK_PHILDLPH_PA",2.5,0.82,0.0,1:5FHVQiW19rZMe4U48HV+N6JKMPY=,9,False
702,UURWMEA120,DK_PICATNNY_NJ,"UURWMEA120 -> UJEWMEA030 ->(0.5, N/A)-> UJEWMEA040 ->(2.0, 0.82)-> UJEWPHI030 ->(0.5, N/A)-> UJEWPHI040 ->(N/A, 0.62)-> UJEWPIC040 ->(0.5, N/A)-> UJEWPIC030 -> DK_PICATNNY_NJ",3.5,1.44,0.0,1:9E1SFF7evIW57OemHPMILIZRRFc=,3,False
703,UURWMEA120,DK_PITTSFLD_MA,"UURWMEA120 -> UJEWMEA030 ->(0.5, N/A)-> UJEWMEA040 ->(2.0, 0.82)-> UJEWPHI030 -> DK_PITTSFLD_MA",2.5,0.82,0.0,1:H6Y9oMrjkFX9BPN4Vly8COR2iUs=,3,False
704,UURWMEA120,DK_PLANO_TX,"UURWMEA120 -> UJEWMEA030 ->(0.5, N/A)-> UJEWMEA040 ->(2.5, 0.64)-> UJPWMEC010 -> [UJP_MESH] -> UJPWTIN010 ->(5.14, 3.35)-> UJEWSNA040 -> DK_PLANO_TX",8.145,3.99,0.0,1:4MF7aZ1U2A0Dd+vkMUpGtwJ2vX8=,3,False
705,UURWMEA120,DK_PORTSMTH_RI,"UURWMEA120 -> UJEWMEA030 ->(0.5, N/A)-> UJEWMEA040 ->(2.5, 0.64)-> UJPWMEC010 ->(0.34, N/A)-> UJEWMEC030 -> DK_PORTSMTH_RI",3.34,0.64,0.0,1:12+SOm39IUTvwI4j6iLIB2HLKbk=,3,False
706,UURWMEA120,DK_POWAY_CA,"UURWMEA120 -> UJEWMEA030 ->(0.5, N/A)-> UJEWMEA040 ->(2.5, 0.64)-> UJPWMEC010 -> [UJP_MESH] -> UJPWBCK010 ->(14.63, 6.8)-> UJEWNIS040 ->(2.5, 0.87)-> UJEWLOA030 -> DK_POWAY_CA",20.130000000000003,8.309999999999999,0.0,1:XceEOIC+0zXvAmZPN1gVPxrQSj4=,1,False
707,UURWMEA120,DK_PTRSNSFB_CO,"UURWMEA120 -> UJEWMEA030 ->(0.5, N/A)-> UJEWMEA040 ->(2.5, 0.64)-> UJPWMEC010 -> [UJP_MESH] -> UJPWBCK010 ->(1.72, 0.5)-> UJEWPET040 ->(0.5, N/A)-> UJEWPET030 -> DK_PTRSNSFB_CO",5.215,1.1400000000000001,0.0,1:CX2W9IVEnOvY9fJc2tLMv+EynHY=,3,False
708,UURWMEA120,DK_RAFAKRTR_CY,"UURWMEA120 -> UJEWMEA030 ->(0.5, 0.18)-> UJPWPNT010 -> [UJP_MESH] -> UJPEDTM010 ->(0.3, N/A)-> UJEEDTM030 ->(0.5, N/A)-> UJEEDTM040 ->(22.5, 8.91)-> UJEEAKI040 -> DK_RAFAKRTR_CY",23.8,9.09,0.0,1:EUJfmRZUYXWn7m45hpSuRs0h19o=,3,True
709,UURWMEA120,DK_RAFAKRTR_CY,"UURWMEA120 -> UJEWMEA030 ->(0.5, 0.18)-> UJPWPNT010 -> [UJP_MESH] -> UJPEDTM010 ->(0.3, N/A)-> UJEEDTM030 ->(0.5, N/A)-> UJEEDTM040 ->(22.5, 8.91)-> UJEEAKI040 ->(0.5, N/A)-> UJEEAKI030 -> DK_RAFAKRTR_CY",24.3,9.09,0.5,1:3d4MMISCUpo3aF/TqzG19PmNyXY=,3,True
710,UURWMEA120,DK_RDSNASNL_AL,"UURWMEA120 -> UJEWMEA030 ->(0.5, N/A)-> UJEWMEA040 ->(2.5, 0.64)-> UJPWMEC010 -> [UJP_MESH] -> UJPWWPA010 ->(0.34, N/A)-> UJEWWPA030 ->(0.5, N/A)-> UJEWWPA040 ->(N/A, 3.12)-> UJEWRED040 -> DK_RDSNASNL_AL",3.835,3.7600000000000002,0.0,1:SnJ97yxznirxI8bzPXShXFvw3cE=,3,True
711,UURWMEA120,DK_RDSNASNL_AL,"UURWMEA120 -> UJEWMEA030 ->(0.5, N/A)-> UJEWMEA040 ->(2.5, 0.64)-> UJPWMEC010 -> [UJP_MESH] -> UJPWWPA010 ->(0.34, N/A)-> UJEWWPA030 ->(0.5, N/A)-> UJEWWPA040 ->(N/A, 3.12)-> UJEWRED040 ->(0.5, N/A)-> UJEWRED030 -> DK_RDSNASNL_AL",4.335,3.7600000000000002,0.5,1:J1tcu9YlJgFftThALoTfjYgk7G4=,2,True
712,UURWMEA120,DK_REDOAK_TX,"UURWMEA120 -> UJEWMEA030 ->(0.5, N/A)-> UJEWMEA040 ->(2.5, 0.64)-> UJPWMEC010 -> [UJP_MESH] -> UJPWTIN010 ->(5.14, 3.35)-> UJEWSNA040 -> DK_REDOAK_TX",8.145,3.99,0.0,1:7dNMTwQodbEJ5bLSF8MxbvvtsN4=,3,False
713,UURWMEA120,DK_RICHMOND_VA,"UURWMEA120 -> UJEWMEA030 ->(0.5, 0.18)-> UJPWPNT010 -> [UJP_MESH] -> UJPWBEL010 ->(0.34, N/A)-> UJEWBEL030 ->(0.5, N/A)-> UJEWBEL040 ->(2.0, 0.63)-> UJEWRCH040 -> DK_RICHMOND_VA",3.3449999999999998,0.81,0.0,1:58C/PLoidIX9GRNoEZdHdqiz4jA=,2,False
714,UURWMEA120,DK_RIDLEYPK_PA,"UURWMEA120 -> UJEWMEA030 ->(0.5, N/A)-> UJEWMEA040 ->(2.5, 0.64)-> UJPWMEC010 ->(0.34, N/A)-> UJEWMEC030 -> DK_RIDLEYPK_PA",3.34,0.64,0.0,1:EOWHqoLsAzwJeDCx+5Ay3B+N5/Q=,3,False
715,UURWMEA120,DK_ROCHESTR_NY,"UURWMEA120 -> UJEWMEA030 ->(0.5, N/A)-> UJEWMEA040 ->(2.0, 0.82)-> UJEWPHI030 -> DK_ROCHESTR_NY",2.5,0.82,0.0,1:JSC+rZIdZbzTyh40VSeCteYACxY=,3,False
716,UURWMEA120,DK_ROSEVILL_CA,"UURWMEA120 -> UJEWMEA030 ->(0.5, N/A)-> UJEWMEA040 ->(2.5, 0.64)-> UJPWMEC010 -> [UJP_MESH] -> UJPWBEA010 ->(0.34, N/A)-> UJEWBEA030 ->(0.5, N/A)-> UJEWBEA040 -> DK_ROSEVILL_CA",3.8449999999999998,0.64,0.0,1:VAZJlxwKqEEzvSdb8vzeKJDU0mc=,3,False
717,UURWMEA120,DK_SANANTON_TX,"UURWMEA120 -> UJEWMEA030 ->(0.5, N/A)-> UJEWMEA040 ->(2.5, 0.64)-> UJPWMEC010 -> [UJP_MESH] -> UJPWTIN010 ->(5.14, 3.35)-> UJEWSNA040 -> DK_SANANTON_TX",8.145,3.99,0.0,1:Ae+zplFP6b2+TXn+AmsOiEy4+Yw=,6,False
718,UURWMEA120,DK_SANJOSE_CA,"UURWMEA120 -> UJEWMEA030 ->(0.5, N/A)-> UJEWMEA040 ->(2.5, 0.64)-> UJPWMEC010 -> [UJP_MESH] -> UJPWBEA010 ->(0.34, N/A)-> UJEWBEA030 ->(0.5, N/A)-> UJEWBEA040 -> DK_SANJOSE_CA",3.8449999999999998,0.64,0.0,1:DbQ507s1+NLNMD0gNp2SKPE/35E=,3,False
719,UURWMEA120,DK_SANTACLR_CA,"UURWMEA120 -> UJEWMEA030 ->(0.5, N/A)-> UJEWMEA040 ->(2.5, 0.64)-> UJPWMEC010 -> [UJP_MESH] -> UJPWBEA010 ->(0.34, N/A)-> UJEWBEA030 ->(0.5, N/A)-> UJEWBEA040 -> DK_SANTACLR_CA",3.8449999999999998,0.64,0.0,1:/yU5Pc66i4QlVVUmUALfdlgFSbY=,3,False
720,UURWMEA120,DK_SAN_JOSE_CA,"UURWMEA120 -> UJEWMEA030 ->(0.5, N/A)-> UJEWMEA040 ->(2.5, 0.64)-> UJPWMEC010 -> [UJP_MESH] -> UJPWMIR010 ->(0.33, N/A)-> UJEWMIR030 -> DK_SAN_JOSE_CA",3.325,0.64,0.0,1:4lU1/k+UttWQIIRsJ4D/HVgD3bg=,12,False
721,UURWMEA120,DK_SCHQMIAM_FL,"UURWMEA120 -> UJEWMEA030 ->(0.5, 0.18)-> UJPWPNT010 -> [UJP_MESH] -> UJPWBRA010 ->(0.38, N/A)-> UJEWBRA030 ->(6.5, 3.0)-> UJEWJKV030 ->(0.5, N/A)-> UJEWJKV040 ->(3.5, 2.46)-> UJEWSCD040 -> DK_SCHQMIAM_FL",11.375,5.640000000000001,0.0,1:2o5OBn585J/HDnCWr5GC3DX6vUQ=,4,True
722,UURWMEA120,DK_SCHQMIAM_FL,"UURWMEA120 -> UJEWMEA030 ->(0.5, 0.18)-> UJPWPNT010 -> [UJP_MESH] -> UJPWBRA010 ->(0.38, N/A)-> UJEWBRA030 ->(6.5, 3.0)-> UJEWJKV030 ->(0.5, N/A)-> UJEWJKV040 ->(3.5, 2.46)-> UJEWSCD040 ->(0.5, N/A)-> UJEWSCD030 -> DK_SCHQMIAM_FL",11.875,5.640000000000001,0.5,1:2ZDdqDcBOijsHTWRks1AFjcXBt4=,5,True
723,UURWMEA120,DK_SCRANTON_PA,"UURWMEA120 -> UJEWMEA030 ->(0.5, N/A)-> UJEWMEA040 ->(5.0, 2.98)-> UJEWHAN030 -> DK_SCRANTON_PA",5.5,2.98,0.0,1:X4eLV8nTJJLxWRa6wGil7d7aeGo=,3,False
724,UURWMEA120,DK_SMYRNA_GA,"UURWMEA120 -> UJEWMEA030 ->(0.5, 0.18)-> UJPWPNT010 -> [UJP_MESH] -> UJPWBRA010 ->(0.38, N/A)-> UJEWBRA030 ->(4.5, 1.72)-> UJEWGOR030 ->(0.5, N/A)-> UJEWGOR040 -> DK_SMYRNA_GA",5.875,1.9,0.0,1:96vR4/IYDvf7VuovNPjeVt/U0/Y=,3,False
725,UURWMEA120,DK_SNANTISC_TX,"UURWMEA120 -> UJEWMEA030 ->(0.5, N/A)-> UJEWMEA040 ->(2.5, 0.64)-> UJPWMEC010 -> [UJP_MESH] -> UJPWTIN010 ->(5.14, 3.35)-> UJEWSNA040 -> DK_SNANTISC_TX",8.145,3.99,0.0,1:KUf53CYOTNB2WNsSU0UMJOBCUtg=,5,True
726,UURWMEA120,DK_SNANTISC_TX,"UURWMEA120 -> UJEWMEA030 ->(0.5, N/A)-> UJEWMEA040 ->(2.5, 0.64)-> UJPWMEC010 -> [UJP_MESH] -> UJPWTIN010 ->(5.14, 3.35)-> UJEWSNA040 ->(0.5, N/A)-> UJEWSNA030 -> DK_SNANTISC_TX",8.645,3.99,0.5,1:/k7aigx7XOmGineQd1x5iNMiA/g=,5,True
727,UURWMEA120,DK_SOBEND_IN,"UURWMEA120 -> UJEWMEA030 ->(0.5, N/A)-> UJEWMEA040 ->(2.5, 0.64)-> UJPWMEC010 -> [UJP_MESH] -> UJPWWPA010 ->(0.34, N/A)-> UJEWWPA030 ->(0.5, N/A)-> UJEWWPA040 -> DK_SOBEND_IN",3.835,0.64,0.0,1:/AOowvTIRBXBy4g2g1FvWqrIUcw=,3,False
728,UURWMEA120,DK_STAGSTNW_FL,"UURWMEA120 -> UJEWMEA030 ->(0.5, 0.18)-> UJPWPNT010 -> [UJP_MESH] -> UJPWBRA010 ->(0.38, N/A)-> UJEWBRA030 ->(6.5, 3.0)-> UJEWJKV030 -> DK_STAGSTNW_FL",7.375,3.18,0.0,1:D73Wp9qq/YTrAsHQeZcbIq+crG0=,3,False
729,UURWMEA120,DK_STELNGHT_MI,"UURWMEA120 -> UJEWMEA030 ->(0.5, N/A)-> UJEWMEA040 ->(2.5, 0.64)-> UJPWMEC010 -> [UJP_MESH] -> UJPWWPA010 ->(0.34, N/A)-> UJEWWPA030 ->(0.5, N/A)-> UJEWWPA040 -> DK_STELNGHT_MI",3.835,0.64,0.0,1:MraEm23ZD5TNJybnALiMnn2jmc8=,3,False
730,UURWMEA120,DK_STERLING_VA,"UURWMEA120 -> UJEWMEA030 ->(0.5, 0.18)-> UJPWPNT010 ->(0.52, N/A)-> UJEWPNT030 -> DK_STERLING_VA",1.02,0.18,0.0,1:QlgxTpkbEWopCgI1XxDwr8AwDq8=,3,False
731,UURWMEA120,DK_STOCKTON_CA,"UURWMEA120 -> UJEWMEA030 ->(0.5, N/A)-> UJEWMEA040 ->(2.5, 0.64)-> UJPWMEC010 -> [UJP_MESH] -> UJPWBEA010 ->(0.34, N/A)-> UJEWBEA030 ->(0.5, N/A)-> UJEWBEA040 -> DK_STOCKTON_CA",3.8449999999999998,0.64,0.0,1:3uAxJl1Ntf4uRLbvaPDJkpYXZRg=,3,False
732,UURWMEA120,DK_STPRSBG_FL,"UURWMEA120 -> UJEWMEA030 ->(0.5, 0.18)-> UJPWPNT010 -> [UJP_MESH] -> UJPWBRA010 ->(0.38, N/A)-> UJEWBRA030 ->(6.5, 3.0)-> UJEWJKV030 -> DK_STPRSBG_FL",7.375,3.18,0.0,1:4BXic4gCNLW1nyLT944A5nDu+0Y=,3,False
733,UURWMEA120,DK_STRLNGGHT_MI,"UURWMEA120 -> UJEWMEA030 ->(0.5, N/A)-> UJEWMEA040 ->(2.5, 0.64)-> UJPWMEC010 -> [UJP_MESH] -> UJPWWPA010 ->(0.34, N/A)-> UJEWWPA030 ->(0.5, N/A)-> UJEWWPA040 -> DK_STRLNGGHT_MI",3.835,0.64,0.0,1:+cByZpdJu5iT8Y3w6MGud9bx8Wo=,3,False
734,UURWMEA120,DK_STRLNGHT_MI,"UURWMEA120 -> UJEWMEA030 ->(0.5, N/A)-> UJEWMEA040 ->(2.5, 0.64)-> UJPWMEC010 -> [UJP_MESH] -> UJPWWPA010 ->(0.34, N/A)-> UJEWWPA030 ->(0.5, N/A)-> UJEWWPA040 -> DK_STRLNGHT_MI",3.835,0.64,0.0,1:aCW1aBiLbHok4xYQ8jsx50R5VNU=,3,False
735,UURWMEA120,DK_SUGARGRV_WV,"UURWMEA120 -> UJEWMEA030 ->(0.5, 0.18)-> UJPWPNT010 ->(1.66, 0.78)-> UJEWCHT030 -> DK_SUGARGRV_WV",2.1550000000000002,0.96,0.0,1:20fF+kcDuCdI6S3bXbsN+2ZvTzY=,5,False
736,UURWMEA120,DK_SUNNYVAL_CA,"UURWMEA120 -> UJEWMEA030 ->(0.5, N/A)-> UJEWMEA040 ->(2.5, 0.64)-> UJPWMEC010 -> [UJP_MESH] -> UJPWBEA010 ->(0.34, N/A)-> UJEWBEA030 ->(0.5, N/A)-> UJEWBEA040 -> DK_SUNNYVAL_CA",3.8449999999999998,0.64,0.0,1:BMp/MsOPveUEzifI7ut+NWRQfBM=,3,False
737,UURWMEA120,DK_SYRACUSE_NY,"UURWMEA120 -> UJEWMEA030 ->(0.5, N/A)-> UJEWMEA040 ->(8.0, 2.26)-> UJEWHFI040 -> DK_SYRACUSE_NY",8.5,2.26,0.0,1:+ZuHGHoniAeLM8CmbB3Yk2RIegE=,3,False
738,UURWMEA120,DK_TAUNTON_MA,"UURWMEA120 -> UJEWMEA030 ->(0.5, N/A)-> UJEWMEA040 ->(2.5, 0.64)-> UJPWMEC010 ->(0.34, N/A)-> UJEWMEC030 -> DK_TAUNTON_MA",3.34,0.64,0.0,1:4QosKto6QAG4o8RKMI2IIGGZud0=,2,False
739,UURWMEA120,DK_TBYHNNAD_PA,"UURWMEA120 -> UJEWMEA030 ->(0.5, N/A)-> UJEWMEA040 ->(4.0, 1.29)-> UJEWTOB040 -> DK_TBYHNNAD_PA",4.5,1.29,0.0,1:ic3dFNdsiXmjZOI2k/W8vN2HoEw=,3,False
740,UURWMEA120,DK_TEMPE_AZ,"UURWMEA120 -> UJEWMEA030 ->(0.5, N/A)-> UJEWMEA040 ->(2.5, 0.64)-> UJPWMEC010 -> [UJP_MESH] -> UJPWBCK010 ->(14.63, 6.8)-> UJEWNIS040 ->(2.5, 0.87)-> UJEWLOA030 -> DK_TEMPE_AZ",20.130000000000003,8.309999999999999,0.0,1:qBuYiQTMUnBvQlKQDtBSoIWCXRo=,1,False
741,UURWMEA120,DK_TEWKSBRY_MA,"UURWMEA120 -> UJEWMEA030 ->(0.5, N/A)-> UJEWMEA040 ->(2.5, 0.64)-> UJPWMEC010 ->(0.34, N/A)-> UJEWMEC030 -> DK_TEWKSBRY_MA",3.34,0.64,0.0,1:Jn4qwM0aVKXGv0S7fMhy61E7q1I=,3,False
742,UURWMEA120,DK_TINRAFB_OK,"UURWMEA120 -> UJEWMEA030 ->(0.5, N/A)-> UJEWMEA040 ->(2.5, 0.64)-> UJPWMEC010 -> [UJP_MESH] -> UJPWTIN010 ->(0.35, N/A)-> UJEWTIN030 -> DK_TINRAFB_OK",3.35,0.64,0.0,1:EC86CCEIz5yUclj6D8NsfkYKqzs=,5,True
743,UURWMEA120,DK_TINRAFB_OK,"UURWMEA120 -> UJEWMEA030 ->(0.5, N/A)-> UJEWMEA040 ->(2.5, 0.64)-> UJPWMEC010 -> [UJP_MESH] -> UJPWTIN010 ->(0.35, N/A)-> UJEWTIN030 ->(0.5, N/A)-> UJEWTIN040 -> DK_TINRAFB_OK",3.85,0.64,0.5,1:PRdNd/M2j6WchkvVb0mBTOKW8kY=,3,True
744,UURWMEA120,DK_TITUSVLL_FL,"UURWMEA120 -> UJEWMEA030 ->(0.5, 0.18)-> UJPWPNT010 -> [UJP_MESH] -> UJPWBRA010 ->(0.38, N/A)-> UJEWBRA030 ->(6.5, 3.0)-> UJEWJKV030 -> DK_TITUSVLL_FL",7.375,3.18,0.0,1:HQ90oLTjrqjNcb3b1VYduWXVIQo=,2,False
745,UURWMEA120,DK_TORRANCE_CA,"UURWMEA120 -> UJEWMEA030 ->(0.5, N/A)-> UJEWMEA040 ->(2.5, 0.64)-> UJPWMEC010 -> [UJP_MESH] -> UJPWBCK010 ->(14.63, 6.8)-> UJEWNIS040 ->(2.5, 0.87)-> UJEWLOA030 -> DK_TORRANCE_CA",20.130000000000003,8.309999999999999,0.0,1:RJm40AbTtOPM662hmy5e+4awkhI=,1,False
746,UURWMEA120,DK_TULSA_OK,"UURWMEA120 -> UJEWMEA030 ->(0.5, N/A)-> UJEWMEA040 ->(2.5, 0.64)-> UJPWMEC010 -> [UJP_MESH] -> UJPWTIN010 ->(5.14, 3.35)-> UJEWSNA040 -> DK_TULSA_OK",8.145,3.99,0.0,1:D9GQfyovV81icBAt9TO4foyPxFg=,3,False
747,UURWMEA120,DK_UNDTMNDL_Z1,"UURWMEA120 -> UJEWMEA030 ->(0.5, 0.18)-> UJPWPNT010 ->(1.66, 0.78)-> UJEWCHT030 ->(0.5, N/A)-> UJEWCHT040 -> DK_UNDTMNDL_Z1",2.6550000000000002,0.96,0.0,1:Gjh9G8U0WojTUNickP9FOtlFlH8=,3,True
748,UURWMEA120,DK_UNDTMNDL_Z1,"UURWMEA120 -> UJEWMEA030 ->(0.5, N/A)-> UJEWMEA040 ->(2.5, 0.64)-> UJPWMEC010 -> [UJP_MESH] -> UJPWBCK010 ->(1.92, 0.58)-> UJEWCAR030 ->(0.5, 0.08)-> UJEWCHM030 -> DK_UNDTMNDL_Z1",5.415,1.3,2.76,1:8XYfeBe+aDyLl/4sjij8pBALRr0=,3,True
749,UURWMEA120,DK_USACEHRM_PA,"UURWMEA120 -> UJEWMEA030 ->(0.5, N/A)-> UJEWMEA040 ->(2.0, 0.82)-> UJEWPHI030 -> DK_USACEHRM_PA",2.5,0.82,0.0,1:56LYNL6vs52cTQ/NPQX0FGVE6ls=,3,False
750,UURWMEA120,DK_VANNUYS_CA,"UURWMEA120 -> UJEWMEA030 ->(0.5, N/A)-> UJEWMEA040 ->(2.5, 0.64)-> UJPWMEC010 -> [UJP_MESH] -> UJPWBEA010 ->(0.34, N/A)-> UJEWBEA030 ->(0.5, N/A)-> UJEWBEA040 -> DK_VANNUYS_CA",3.8449999999999998,0.64,0.0,1:4j3AH1WlpemPQStmjozrbOAb2MI=,3,False
751,UURWMEA120,DK_WACO_TX,"UURWMEA120 -> UJEWMEA030 ->(0.5, N/A)-> UJEWMEA040 ->(2.5, 0.64)-> UJPWMEC010 -> [UJP_MESH] -> UJPWTIN010 ->(5.14, 3.35)-> UJEWSNA040 -> DK_WACO_TX",8.145,3.99,0.0,1:VXNQHM8tz3tvlrAnP/L0d5BgNeM=,3,False
752,UURWMEA120,DK_WAYNE_NJ,"UURWMEA120 -> UJEWMEA030 ->(0.5, N/A)-> UJEWMEA040 ->(2.5, 0.64)-> UJPWMEC010 ->(0.34, N/A)-> UJEWMEC030 -> DK_WAYNE_NJ",3.34,0.64,0.0,1:AbWAFZzjlf2tYkxzBrqGxnCrJs0=,3,False
753,UURWMEA120,DK_WESTON_FL,"UURWMEA120 -> UJEWMEA030 ->(0.5, 0.18)-> UJPWPNT010 -> [UJP_MESH] -> UJPWBRA010 ->(0.38, N/A)-> UJEWBRA030 ->(6.5, 3.0)-> UJEWJKV030 -> DK_WESTON_FL",7.375,3.18,0.0,1:DhbgWZwZBZZ3bsy6zV5CtCSw/Ys=,2,False
754,UURWMEA120,DK_WGHTPAFB_OH,"UURWMEA120 -> UJEWMEA030 ->(0.5, N/A)-> UJEWMEA040 ->(2.5, 0.64)-> UJPWMEC010 -> [UJP_MESH] -> UJPWWPA010 ->(0.34, N/A)-> UJEWWPA030 -> DK_WGHTPAFB_OH",3.335,0.64,0.0,1:MaA50U1BQ9j4SmWrSGC70oHXeb0=,3,False
755,UURWMEA120,DK_WICHITA_KS,"UURWMEA120 -> UJEWMEA030 ->(0.5, N/A)-> UJEWMEA040 ->(2.5, 0.64)-> UJPWMEC010 -> [UJP_MESH] -> UJPWWPA010 ->(0.34, N/A)-> UJEWWPA030 ->(0.5, N/A)-> UJEWWPA040 -> DK_WICHITA_KS",3.835,0.64,0.0,1:H/KUtxPu5UmoAlnh4uqNuOn5rus=,3,False
756,UURWMEA120,DK_WNDSRLKS_CT,"UURWMEA120 -> UJEWMEA030 ->(0.5, N/A)-> UJEWMEA040 ->(2.0, 0.82)-> UJEWPHI030 -> DK_WNDSRLKS_CT",2.5,0.82,0.0,1:QVo98KNaU+Dpj9XM9Z/XxeNsBhU=,3,False
757,UURWMEA120,DK_WOBURN_MA,"UURWMEA120 -> UJEWMEA030 ->(0.5, N/A)-> UJEWMEA040 ->(5.0, 2.98)-> UJEWHAN030 -> DK_WOBURN_MA",5.5,2.98,0.0,1:4sHJyrkvmqKUmpPSWPnWUULosUw=,3,False
758,UURWMEA120,DK_YORK_PA,"UURWMEA120 -> UJEWMEA030 ->(0.5, N/A)-> UJEWMEA040 ->(2.0, 0.82)-> UJEWPHI030 -> DK_YORK_PA",2.5,0.82,0.0,1:R8NbNvJrRu57EBNNSYIz2mcZEkA=,6,False
759,UURWMEA120,DR_FTBELVOR_VA,"UURWMEA120 -> UJEWMEA030 ->(0.5, 0.18)-> UJPWPNT010 -> [UJP_MESH] -> UJPWBEL010 ->(0.34, N/A)-> UJEWBEL030 -> DR_FTBELVOR_VA",0.845,0.18,0.0,1:+AtxMA0F1KjGsiY6KIvjB6EuaUM=,5,False
760,UURWMEA120,DX_BEASMLSB_GB,"UURWMEA120 -> UJEWMEA030 ->(0.5, N/A)-> UJEWMEA040 ->(2.5, 0.64)-> UJPWMEC010 -> [UJP_MESH] -> UJPEETM010 ->(2.4, 1.0)-> UJEEMEN030 -> DX_BEASMLSB_GB",5.404999999999999,1.6400000000000001,0.0,1:Zds2NoAOevW/dXWTRM1OI/VssBs=,3,False
761,UURWMEA120,DX_JKSVLNAS_FL,"UURWMEA120 -> UJEWMEA030 ->(0.5, 0.18)-> UJPWPNT010 -> [UJP_MESH] -> UJPWBRA010 ->(0.38, N/A)-> UJEWBRA030 ->(6.5, 3.0)-> UJEWJKV030 -> DX_JKSVLNAS_FL",7.375,3.18,0.0,1:CXCryJnALglniAf03yKBcOBhiuc=,3,False
762,UURWMEA120,DX_WYTON_GB,"UURWMEA120 -> UJEWMEA030 ->(0.5, N/A)-> UJEWMEA040 ->(2.5, 0.64)-> UJPWMEC010 -> [UJP_MESH] -> UJPEETM010 ->(0.39, N/A)-> UJEEETM030 -> DX_WYTON_GB",3.39,0.64,0.0,1:Ad7167KyhE7c4ljmy2Uw/gW4B4M=,3,False
763,UURWMEA120,UURWMEA110,"UURWMEA120 -> UJEWMEA030 ->(0.5, N/A)-> UJEWMEA040 -> UURWMEA110",0.5,0.0,0.0,1:hyBFdR0T1jPE/X7eRT1fLDX4aa4=,2,False
764,UURWMEA440,UURWMEA110,UURWMEA440 -> UJEWMEA040 -> UURWMEA110,0.0,0.0,0.0,1:+3RC/SnXuOheRN5Wt8R1lRlnvkE=,100,False
